Jour;Date;Date_Format_1;Flux;Sous_Flux;Commande;Capacitaire
Dimanche;01/01/2023;20230101;DART;Convergents;0;0
Dimanche;01/01/2023;20230101;DART;Mobile;0;0
Dimanche;01/01/2023;20230101;Open;ADSL;0;0
Dimanche;01/01/2023;20230101;Open;Fibre;0;0
Dimanche;01/01/2023;20230101;Open;Mobile;0;0
Lundi;02/01/2023;20230102;DART;Convergents;0;0
Lundi;02/01/2023;20230102;DART;Mobile;0;0
Lundi;02/01/2023;20230102;Open;ADSL;2658;0
Lundi;02/01/2023;20230102;Open;Fibre;2191;0
Lundi;02/01/2023;20230102;Open;Mobile;793;5563,441339
Lundi;02/01/2023;20230102;Open;Premium;0;0
Mardi;03/01/2023;20230103;DART;Convergents;0;0
Mardi;03/01/2023;20230103;DART;Mobile;0;0
Mardi;03/01/2023;20230103;Open;ADSL;2288;0
Mardi;03/01/2023;20230103;Open;Fibre;1916;0
Mardi;03/01/2023;20230103;Open;Mobile;698;5456,28035
Mardi;03/01/2023;20230103;Open;Premium;0;0
Mercredi;04/01/2023;20230104;DART;Convergents;0;0
Mercredi;04/01/2023;20230104;DART;Mobile;0;0
Mercredi;04/01/2023;20230104;Open;ADSL;2363;0
Mercredi;04/01/2023;20230104;Open;Fibre;1988;0
Mercredi;04/01/2023;20230104;Open;Mobile;685;5747,363412
Mercredi;04/01/2023;20230104;Open;Premium;0;0
Jeudi;05/01/2023;20230105;DART;Convergents;0;0
Jeudi;05/01/2023;20230105;DART;Mobile;0;0
Jeudi;05/01/2023;20230105;Open;ADSL;2130;0
Jeudi;05/01/2023;20230105;Open;Fibre;1807;0
Jeudi;05/01/2023;20230105;Open;Mobile;639;5033,339178
Jeudi;05/01/2023;20230105;Open;Premium;0;0
Vendredi;06/01/2023;20230106;DART;Convergents;0;0
Vendredi;06/01/2023;20230106;DART;Mobile;0;0
Vendredi;06/01/2023;20230106;Open;ADSL;2160;0
Vendredi;06/01/2023;20230106;Open;Fibre;1844;0
Vendredi;06/01/2023;20230106;Open;Mobile;628;4961,605128
Vendredi;06/01/2023;20230106;Open;Premium;0;0
Samedi;07/01/2023;20230107;DART;Convergents;0;0
Samedi;07/01/2023;20230107;DART;Mobile;0;0
Samedi;07/01/2023;20230107;Open;ADSL;1346;0
Samedi;07/01/2023;20230107;Open;Fibre;1135;0
Samedi;07/01/2023;20230107;Open;Mobile;405;3127,077973
Samedi;07/01/2023;20230107;Open;Premium;0;0
Dimanche;08/01/2023;20230108;DART;Convergents;0;0
Dimanche;08/01/2023;20230108;DART;Mobile;0;0
Dimanche;08/01/2023;20230108;Open;ADSL;0;0
Dimanche;08/01/2023;20230108;Open;Fibre;0;0
Dimanche;08/01/2023;20230108;Open;Mobile;0;0
Lundi;09/01/2023;20230109;DART;Convergents;0;0
Lundi;09/01/2023;20230109;DART;Mobile;0;0
Lundi;09/01/2023;20230109;Open;ADSL;2271;0
Lundi;09/01/2023;20230109;Open;Fibre;1886;0
Lundi;09/01/2023;20230109;Open;Mobile;633;6053,56057
Lundi;09/01/2023;20230109;Open;Premium;0;0
Mardi;10/01/2023;20230110;DART;Convergents;75;0
Mardi;10/01/2023;20230110;DART;Mobile;17;0
Mardi;10/01/2023;20230110;Open;ADSL;1954;0
Mardi;10/01/2023;20230110;Open;Fibre;1647;0
Mardi;10/01/2023;20230110;Open;Mobile;557;5894,491564
Mardi;10/01/2023;20230110;Open;Premium;0;0
Mercredi;11/01/2023;20230111;DART;Convergents;77;0
Mercredi;11/01/2023;20230111;DART;Mobile;17;0
Mercredi;11/01/2023;20230111;Open;ADSL;2017;0
Mercredi;11/01/2023;20230111;Open;Fibre;1710;0
Mercredi;11/01/2023;20230111;Open;Mobile;545;6072,986208
Mercredi;11/01/2023;20230111;Open;Premium;0;0
Jeudi;12/01/2023;20230112;DART;Convergents;69;0
Jeudi;12/01/2023;20230112;DART;Mobile;15;0
Jeudi;12/01/2023;20230112;Open;ADSL;1817;0
Jeudi;12/01/2023;20230112;Open;Fibre;1555;0
Jeudi;12/01/2023;20230112;Open;Mobile;509;5610,42024
Jeudi;12/01/2023;20230112;Open;Premium;0;0
Vendredi;13/01/2023;20230113;DART;Convergents;71;0
Vendredi;13/01/2023;20230113;DART;Mobile;15;0
Vendredi;13/01/2023;20230113;Open;ADSL;1843;0
Vendredi;13/01/2023;20230113;Open;Fibre;1587;0
Vendredi;13/01/2023;20230113;Open;Mobile;500;5508,484956
Vendredi;13/01/2023;20230113;Open;Premium;0;0
Samedi;14/01/2023;20230114;DART;Convergents;44;0
Samedi;14/01/2023;20230114;DART;Mobile;10;0
Samedi;14/01/2023;20230114;Open;ADSL;1149;0
Samedi;14/01/2023;20230114;Open;Fibre;976;0
Samedi;14/01/2023;20230114;Open;Mobile;322;3475,773925
Samedi;14/01/2023;20230114;Open;Premium;0;0
Dimanche;15/01/2023;20230115;DART;Convergents;0;0
Dimanche;15/01/2023;20230115;DART;Mobile;0;0
Dimanche;15/01/2023;20230115;Open;ADSL;0;0
Dimanche;15/01/2023;20230115;Open;Fibre;0;0
Dimanche;15/01/2023;20230115;Open;Mobile;0;0
Lundi;16/01/2023;20230116;DART;Convergents;174;0
Lundi;16/01/2023;20230116;DART;Mobile;39;0
Lundi;16/01/2023;20230116;Open;ADSL;2275;0
Lundi;16/01/2023;20230116;Open;Fibre;1872;0
Lundi;16/01/2023;20230116;Open;Mobile;659;5718,28264
Lundi;16/01/2023;20230116;Open;Premium;0;0
Mardi;17/01/2023;20230117;DART;Convergents;149;0
Mardi;17/01/2023;20230117;DART;Mobile;34;0
Mardi;17/01/2023;20230117;Open;ADSL;1958;0
Mardi;17/01/2023;20230117;Open;Fibre;1636;0
Mardi;17/01/2023;20230117;Open;Mobile;579;5617,846015
Mardi;17/01/2023;20230117;Open;Premium;0;0
Mercredi;18/01/2023;20230118;DART;Convergents;155;0
Mercredi;18/01/2023;20230118;DART;Mobile;33;0
Mercredi;18/01/2023;20230118;Open;ADSL;2021;0
Mercredi;18/01/2023;20230118;Open;Fibre;1696;0
Mercredi;18/01/2023;20230118;Open;Mobile;567;5978,509136
Mercredi;18/01/2023;20230118;Open;Premium;0;0
Jeudi;19/01/2023;20230119;DART;Convergents;140;0
Jeudi;19/01/2023;20230119;DART;Mobile;32;0
Jeudi;19/01/2023;20230119;Open;ADSL;1821;0
Jeudi;19/01/2023;20230119;Open;Fibre;1543;0
Jeudi;19/01/2023;20230119;Open;Mobile;528;5290,493634
Jeudi;19/01/2023;20230119;Open;Premium;0;0
Vendredi;20/01/2023;20230120;DART;Convergents;141;0
Vendredi;20/01/2023;20230120;DART;Mobile;31;0
Vendredi;20/01/2023;20230120;Open;ADSL;1848;0
Vendredi;20/01/2023;20230120;Open;Fibre;1574;0
Vendredi;20/01/2023;20230120;Open;Mobile;519;5173,338754
Vendredi;20/01/2023;20230120;Open;Premium;0;0
Samedi;21/01/2023;20230121;DART;Convergents;88;0
Samedi;21/01/2023;20230121;DART;Mobile;20;0
Samedi;21/01/2023;20230121;Open;ADSL;1152;0
Samedi;21/01/2023;20230121;Open;Fibre;969;0
Samedi;21/01/2023;20230121;Open;Mobile;335;3263,581962
Samedi;21/01/2023;20230121;Open;Premium;0;0
Dimanche;22/01/2023;20230122;DART;Convergents;0;0
Dimanche;22/01/2023;20230122;DART;Mobile;0;0
Dimanche;22/01/2023;20230122;Open;ADSL;0;0
Dimanche;22/01/2023;20230122;Open;Fibre;0;0
Dimanche;22/01/2023;20230122;Open;Mobile;0;0
Lundi;23/01/2023;20230123;DART;Convergents;348;0
Lundi;23/01/2023;20230123;DART;Mobile;77;0
Lundi;23/01/2023;20230123;Open;ADSL;2235;0
Lundi;23/01/2023;20230123;Open;Fibre;1862;0
Lundi;23/01/2023;20230123;Open;Mobile;656;5950,873972
Lundi;23/01/2023;20230123;Open;Premium;0;0
Mardi;24/01/2023;20230124;DART;Convergents;300;0
Mardi;24/01/2023;20230124;DART;Mobile;68;0
Mardi;24/01/2023;20230124;Open;ADSL;1922;0
Mardi;24/01/2023;20230124;Open;Fibre;1627;0
Mardi;24/01/2023;20230124;Open;Mobile;575;5819,263389
Mardi;24/01/2023;20230124;Open;Premium;0;0
Mercredi;25/01/2023;20230125;DART;Convergents;310;0
Mercredi;25/01/2023;20230125;DART;Mobile;67;0
Mercredi;25/01/2023;20230125;Open;ADSL;1984;0
Mercredi;25/01/2023;20230125;Open;Fibre;1689;0
Mercredi;25/01/2023;20230125;Open;Mobile;564;6277,056684
Mercredi;25/01/2023;20230125;Open;Premium;0;0
Jeudi;26/01/2023;20230126;DART;Convergents;279;0
Jeudi;26/01/2023;20230126;DART;Mobile;62;0
Jeudi;26/01/2023;20230126;Open;ADSL;1789;0
Jeudi;26/01/2023;20230126;Open;Fibre;1535;0
Jeudi;26/01/2023;20230126;Open;Mobile;527;5535,733541
Jeudi;26/01/2023;20230126;Open;Premium;0;0
Vendredi;27/01/2023;20230127;DART;Convergents;283;0
Vendredi;27/01/2023;20230127;DART;Mobile;61;0
Vendredi;27/01/2023;20230127;Open;ADSL;1814;0
Vendredi;27/01/2023;20230127;Open;Fibre;1568;0
Vendredi;27/01/2023;20230127;Open;Mobile;518;5456,839476
Vendredi;27/01/2023;20230127;Open;Premium;0;0
Samedi;28/01/2023;20230128;DART;Convergents;176;0
Samedi;28/01/2023;20230128;DART;Mobile;40;0
Samedi;28/01/2023;20230128;Open;ADSL;1132;0
Samedi;28/01/2023;20230128;Open;Fibre;964;0
Samedi;28/01/2023;20230128;Open;Mobile;333;3440,988357
Samedi;28/01/2023;20230128;Open;Premium;0;0
Dimanche;29/01/2023;20230129;DART;Convergents;0;0
Dimanche;29/01/2023;20230129;DART;Mobile;0;0
Dimanche;29/01/2023;20230129;Open;ADSL;0;0
Dimanche;29/01/2023;20230129;Open;Fibre;0;0
Dimanche;29/01/2023;20230129;Open;Mobile;0;0
Lundi;30/01/2023;20230130;DART;Convergents;870;0
Lundi;30/01/2023;20230130;DART;Mobile;194;0
Lundi;30/01/2023;20230130;Open;ADSL;2217;0
Lundi;30/01/2023;20230130;Open;Fibre;1768;0
Lundi;30/01/2023;20230130;Open;Mobile;618;5908,809582
Lundi;30/01/2023;20230130;Open;Premium;0;0
Mardi;31/01/2023;20230131;DART;Convergents;750;0
Mardi;31/01/2023;20230131;DART;Mobile;170;0
Mardi;31/01/2023;20230131;Open;ADSL;1908;0
Mardi;31/01/2023;20230131;Open;Fibre;1546;0
Mardi;31/01/2023;20230131;Open;Mobile;542;5794,996235
Mardi;31/01/2023;20230131;Open;Premium;0;0
Mercredi;01/02/2023;20230201;DART;Convergents;773;0
Mercredi;01/02/2023;20230201;DART;Mobile;167;0
Mercredi;01/02/2023;20230201;Open;ADSL;2002;0
Mercredi;01/02/2023;20230201;Open;Fibre;1693;0
Mercredi;01/02/2023;20230201;Open;Mobile;597;5947,016778
Mercredi;01/02/2023;20230201;Open;Premium;0;0
Jeudi;02/02/2023;20230202;DART;Convergents;697;0
Jeudi;02/02/2023;20230202;DART;Mobile;156;0
Jeudi;02/02/2023;20230202;Open;ADSL;1804;0
Jeudi;02/02/2023;20230202;Open;Fibre;1540;0
Jeudi;02/02/2023;20230202;Open;Mobile;556;5241,445652
Jeudi;02/02/2023;20230202;Open;Premium;0;0
Vendredi;03/02/2023;20230203;DART;Convergents;706;0
Vendredi;03/02/2023;20230203;DART;Mobile;153;0
Vendredi;03/02/2023;20230203;Open;ADSL;1830;0
Vendredi;03/02/2023;20230203;Open;Fibre;1571;0
Vendredi;03/02/2023;20230203;Open;Mobile;547;5084,332714
Vendredi;03/02/2023;20230203;Open;Premium;0;0
Samedi;04/02/2023;20230204;DART;Convergents;441;0
Samedi;04/02/2023;20230204;DART;Mobile;98;0
Samedi;04/02/2023;20230204;Open;ADSL;1141;0
Samedi;04/02/2023;20230204;Open;Fibre;966;0
Samedi;04/02/2023;20230204;Open;Mobile;352;3205,142208
Samedi;04/02/2023;20230204;Open;Premium;0;0
Dimanche;05/02/2023;20230205;DART;Convergents;0;0
Dimanche;05/02/2023;20230205;DART;Mobile;0;0
Dimanche;05/02/2023;20230205;Open;ADSL;0;0
Dimanche;05/02/2023;20230205;Open;Fibre;0;0
Dimanche;05/02/2023;20230205;Open;Mobile;0;0
Lundi;06/02/2023;20230206;DART;Convergents;1040;0
Lundi;06/02/2023;20230206;DART;Mobile;224;0
Lundi;06/02/2023;20230206;Open;ADSL;2373;0
Lundi;06/02/2023;20230206;Open;Fibre;1974;0
Lundi;06/02/2023;20230206;Open;Mobile;738;6246,561888
Lundi;06/02/2023;20230206;Open;Premium;0;0
Mardi;07/02/2023;20230207;DART;Convergents;896;0
Mardi;07/02/2023;20230207;DART;Mobile;197;0
Mardi;07/02/2023;20230207;Open;ADSL;2044;0
Mardi;07/02/2023;20230207;Open;Fibre;1726;0
Mardi;07/02/2023;20230207;Open;Mobile;649;6084,988718
Mardi;07/02/2023;20230207;Open;Premium;0;0
Mercredi;08/02/2023;20230208;DART;Convergents;924;0
Mercredi;08/02/2023;20230208;DART;Mobile;194;0
Mercredi;08/02/2023;20230208;Open;ADSL;2108;0
Mercredi;08/02/2023;20230208;Open;Fibre;1790;0
Mercredi;08/02/2023;20230208;Open;Mobile;637;6225,409218
Mercredi;08/02/2023;20230208;Open;Premium;0;0
Jeudi;09/02/2023;20230209;DART;Convergents;833;0
Jeudi;09/02/2023;20230209;DART;Mobile;180;0
Jeudi;09/02/2023;20230209;Open;ADSL;1901;0
Jeudi;09/02/2023;20230209;Open;Fibre;1628;0
Jeudi;09/02/2023;20230209;Open;Mobile;593;5508,980096
Jeudi;09/02/2023;20230209;Open;Premium;0;0
Vendredi;10/02/2023;20230210;DART;Convergents;845;0
Vendredi;10/02/2023;20230210;DART;Mobile;177;0
Vendredi;10/02/2023;20230210;Open;ADSL;1929;0
Vendredi;10/02/2023;20230210;Open;Fibre;1661;0
Vendredi;10/02/2023;20230210;Open;Mobile;582;5390,909076
Vendredi;10/02/2023;20230210;Open;Premium;0;0
Samedi;11/02/2023;20230211;DART;Convergents;526;0
Samedi;11/02/2023;20230211;DART;Mobile;114;0
Samedi;11/02/2023;20230211;Open;ADSL;1201;0
Samedi;11/02/2023;20230211;Open;Fibre;1022;0
Samedi;11/02/2023;20230211;Open;Mobile;376;3399,245676
Samedi;11/02/2023;20230211;Open;Premium;0;0
Dimanche;12/02/2023;20230212;DART;Convergents;0;0
Dimanche;12/02/2023;20230212;DART;Mobile;0;0
Dimanche;12/02/2023;20230212;Open;ADSL;0;0
Dimanche;12/02/2023;20230212;Open;Fibre;0;0
Dimanche;12/02/2023;20230212;Open;Mobile;0;0
Lundi;13/02/2023;20230213;DART;Convergents;1115;0
Lundi;13/02/2023;20230213;DART;Mobile;310;0
Lundi;13/02/2023;20230213;Open;ADSL;2327;0
Lundi;13/02/2023;20230213;Open;Fibre;1989;0
Lundi;13/02/2023;20230213;Open;Mobile;706;6044,900255
Lundi;13/02/2023;20230213;Open;Premium;0;0
Mardi;14/02/2023;20230214;DART;Convergents;959;0
Mardi;14/02/2023;20230214;DART;Mobile;273;0
Mardi;14/02/2023;20230214;Open;ADSL;2004;0
Mardi;14/02/2023;20230214;Open;Fibre;1739;0
Mardi;14/02/2023;20230214;Open;Mobile;621;5924,825506
Mardi;14/02/2023;20230214;Open;Premium;0;0
Mercredi;15/02/2023;20230215;DART;Convergents;991;0
Mercredi;15/02/2023;20230215;DART;Mobile;267;0
Mercredi;15/02/2023;20230215;Open;ADSL;2068;0
Mercredi;15/02/2023;20230215;Open;Fibre;1804;0
Mercredi;15/02/2023;20230215;Open;Mobile;609;5921,822893
Mercredi;15/02/2023;20230215;Open;Premium;0;0
Jeudi;16/02/2023;20230216;DART;Convergents;893;0
Jeudi;16/02/2023;20230216;DART;Mobile;249;0
Jeudi;16/02/2023;20230216;Open;ADSL;1863;0
Jeudi;16/02/2023;20230216;Open;Fibre;1640;0
Jeudi;16/02/2023;20230216;Open;Mobile;568;5099,875342
Jeudi;16/02/2023;20230216;Open;Premium;0;0
Vendredi;17/02/2023;20230217;DART;Convergents;905;0
Vendredi;17/02/2023;20230217;DART;Mobile;245;0
Vendredi;17/02/2023;20230217;Open;ADSL;1890;0
Vendredi;17/02/2023;20230217;Open;Fibre;1674;0
Vendredi;17/02/2023;20230217;Open;Mobile;558;4775,558672
Vendredi;17/02/2023;20230217;Open;Premium;0;0
Samedi;18/02/2023;20230218;DART;Convergents;564;0
Samedi;18/02/2023;20230218;DART;Mobile;158;0
Samedi;18/02/2023;20230218;Open;ADSL;1179;0
Samedi;18/02/2023;20230218;Open;Fibre;1030;0
Samedi;18/02/2023;20230218;Open;Mobile;359;3023,561545
Samedi;18/02/2023;20230218;Open;Premium;0;0
Dimanche;19/02/2023;20230219;DART;Convergents;0;0
Dimanche;19/02/2023;20230219;DART;Mobile;0;0
Dimanche;19/02/2023;20230219;Open;ADSL;0;0
Dimanche;19/02/2023;20230219;Open;Fibre;0;0
Dimanche;19/02/2023;20230219;Open;Mobile;0;0
Lundi;20/02/2023;20230220;DART;Convergents;1115;0
Lundi;20/02/2023;20230220;DART;Mobile;299;0
Lundi;20/02/2023;20230220;Open;ADSL;2293;0
Lundi;20/02/2023;20230220;Open;Fibre;1929;0
Lundi;20/02/2023;20230220;Open;Mobile;670;5376,818769
Lundi;20/02/2023;20230220;Open;Premium;0;0
Mardi;21/02/2023;20230221;DART;Convergents;959;0
Mardi;21/02/2023;20230221;DART;Mobile;263;0
Mardi;21/02/2023;20230221;Open;ADSL;1974;0
Mardi;21/02/2023;20230221;Open;Fibre;1687;0
Mardi;21/02/2023;20230221;Open;Mobile;588;5234,424991
Mardi;21/02/2023;20230221;Open;Premium;0;0
Mercredi;22/02/2023;20230222;DART;Convergents;991;0
Mercredi;22/02/2023;20230222;DART;Mobile;257;0
Mercredi;22/02/2023;20230222;Open;ADSL;2036;0
Mercredi;22/02/2023;20230222;Open;Fibre;1750;0
Mercredi;22/02/2023;20230222;Open;Mobile;578;5411,646702
Mercredi;22/02/2023;20230222;Open;Premium;0;0
Jeudi;23/02/2023;20230223;DART;Convergents;893;0
Jeudi;23/02/2023;20230223;DART;Mobile;240;0
Jeudi;23/02/2023;20230223;Open;ADSL;1835;0
Jeudi;23/02/2023;20230223;Open;Fibre;1592;0
Jeudi;23/02/2023;20230223;Open;Mobile;538;4755,424745
Jeudi;23/02/2023;20230223;Open;Premium;0;0
Vendredi;24/02/2023;20230224;DART;Convergents;905;0
Vendredi;24/02/2023;20230224;DART;Mobile;236;0
Vendredi;24/02/2023;20230224;Open;ADSL;1861;0
Vendredi;24/02/2023;20230224;Open;Fibre;1624;0
Vendredi;24/02/2023;20230224;Open;Mobile;528;4667,872351
Vendredi;24/02/2023;20230224;Open;Premium;0;0
Samedi;25/02/2023;20230225;DART;Convergents;564;0
Samedi;25/02/2023;20230225;DART;Mobile;152;0
Samedi;25/02/2023;20230225;Open;ADSL;1161;0
Samedi;25/02/2023;20230225;Open;Fibre;1001;0
Samedi;25/02/2023;20230225;Open;Mobile;340;2955,381832
Samedi;25/02/2023;20230225;Open;Premium;0;0
Dimanche;26/02/2023;20230226;DART;Convergents;0;0
Dimanche;26/02/2023;20230226;DART;Mobile;0;0
Dimanche;26/02/2023;20230226;Open;ADSL;0;0
Dimanche;26/02/2023;20230226;Open;Fibre;0;0
Dimanche;26/02/2023;20230226;Open;Mobile;0;0
Lundi;27/02/2023;20230227;DART;Convergents;1115;0
Lundi;27/02/2023;20230227;DART;Mobile;299;0
Lundi;27/02/2023;20230227;Open;ADSL;2332;0
Lundi;27/02/2023;20230227;Open;Fibre;1966;0
Lundi;27/02/2023;20230227;Open;Mobile;707;5507,960691
Lundi;27/02/2023;20230227;Open;Premium;0;0
Mardi;28/02/2023;20230228;DART;Convergents;959;0
Mardi;28/02/2023;20230228;DART;Mobile;263;0
Mardi;28/02/2023;20230228;Open;ADSL;2008;0
Mardi;28/02/2023;20230228;Open;Fibre;1717;0
Mardi;28/02/2023;20230228;Open;Mobile;621;5292,66616
Mardi;28/02/2023;20230228;Open;Premium;0;0
Mercredi;01/03/2023;20230301;DART;Convergents;990;0
Mercredi;01/03/2023;20230301;DART;Mobile;257;0
Mercredi;01/03/2023;20230301;Open;ADSL;2070;0
Mercredi;01/03/2023;20230301;Open;Fibre;1860;0
Mercredi;01/03/2023;20230301;Open;Mobile;697;5509,902857
Mercredi;01/03/2023;20230301;Open;Premium;0;0
Jeudi;02/03/2023;20230302;DART;Convergents;893;0
Jeudi;02/03/2023;20230302;DART;Mobile;240;0
Jeudi;02/03/2023;20230302;Open;ADSL;1865;0
Jeudi;02/03/2023;20230302;Open;Fibre;1691;0
Jeudi;02/03/2023;20230302;Open;Mobile;650;4835,685079
Jeudi;02/03/2023;20230302;Open;Premium;0;0
Vendredi;03/03/2023;20230303;DART;Convergents;905;0
Vendredi;03/03/2023;20230303;DART;Mobile;236;0
Vendredi;03/03/2023;20230303;Open;ADSL;1891;0
Vendredi;03/03/2023;20230303;Open;Fibre;1725;0
Vendredi;03/03/2023;20230303;Open;Mobile;638;4746,988831
Vendredi;03/03/2023;20230303;Open;Premium;0;0
Samedi;04/03/2023;20230304;DART;Convergents;564;0
Samedi;04/03/2023;20230304;DART;Mobile;152;0
Samedi;04/03/2023;20230304;Open;ADSL;1180;0
Samedi;04/03/2023;20230304;Open;Fibre;1063;0
Samedi;04/03/2023;20230304;Open;Mobile;411;2967,904636
Samedi;04/03/2023;20230304;Open;Premium;0;0
Dimanche;05/03/2023;20230305;DART;Convergents;0;0
Dimanche;05/03/2023;20230305;DART;Mobile;0;0
Dimanche;05/03/2023;20230305;Open;ADSL;0;0
Dimanche;05/03/2023;20230305;Open;Fibre;0;0
Dimanche;05/03/2023;20230305;Open;Mobile;0;0
Lundi;06/03/2023;20230306;DART;Convergents;1040;0
Lundi;06/03/2023;20230306;DART;Mobile;224;0
Lundi;06/03/2023;20230306;Open;ADSL;2328;0
Lundi;06/03/2023;20230306;Open;Fibre;2062;0
Lundi;06/03/2023;20230306;Open;Mobile;795;5277,843735
Lundi;06/03/2023;20230306;Open;Premium;0;0
Mardi;07/03/2023;20230307;DART;Convergents;896;0
Mardi;07/03/2023;20230307;DART;Mobile;197;0
Mardi;07/03/2023;20230307;Open;ADSL;2004;0
Mardi;07/03/2023;20230307;Open;Fibre;1803;0
Mardi;07/03/2023;20230307;Open;Mobile;699;5166,476962
Mardi;07/03/2023;20230307;Open;Premium;0;0
Mercredi;08/03/2023;20230308;DART;Convergents;924;0
Mercredi;08/03/2023;20230308;DART;Mobile;194;0
Mercredi;08/03/2023;20230308;Open;ADSL;2069;0
Mercredi;08/03/2023;20230308;Open;Fibre;1870;0
Mercredi;08/03/2023;20230308;Open;Mobile;685;5351,181376
Mercredi;08/03/2023;20230308;Open;Premium;0;0
Jeudi;09/03/2023;20230309;DART;Convergents;833;0
Jeudi;09/03/2023;20230309;DART;Mobile;180;0
Jeudi;09/03/2023;20230309;Open;ADSL;1863;0
Jeudi;09/03/2023;20230309;Open;Fibre;1700;0
Jeudi;09/03/2023;20230309;Open;Mobile;638;4674,049685
Jeudi;09/03/2023;20230309;Open;Premium;0;0
Vendredi;10/03/2023;20230310;DART;Convergents;845;0
Vendredi;10/03/2023;20230310;DART;Mobile;177;0
Vendredi;10/03/2023;20230310;Open;ADSL;1889;0
Vendredi;10/03/2023;20230310;Open;Fibre;1734;0
Vendredi;10/03/2023;20230310;Open;Mobile;626;4507,44171
Vendredi;10/03/2023;20230310;Open;Premium;0;0
Samedi;11/03/2023;20230311;DART;Convergents;526;0
Samedi;11/03/2023;20230311;DART;Mobile;114;0
Samedi;11/03/2023;20230311;Open;ADSL;1179;0
Samedi;11/03/2023;20230311;Open;Fibre;1068;0
Samedi;11/03/2023;20230311;Open;Mobile;403;2839,893747
Samedi;11/03/2023;20230311;Open;Premium;0;0
Dimanche;12/03/2023;20230312;DART;Convergents;0;0
Dimanche;12/03/2023;20230312;DART;Mobile;0;0
Dimanche;12/03/2023;20230312;Open;ADSL;0;0
Dimanche;12/03/2023;20230312;Open;Fibre;0;0
Dimanche;12/03/2023;20230312;Open;Mobile;0;0
Lundi;13/03/2023;20230313;DART;Convergents;1044;0
Lundi;13/03/2023;20230313;DART;Mobile;232;0
Lundi;13/03/2023;20230313;Open;ADSL;2329;0
Lundi;13/03/2023;20230313;Open;Fibre;1993;0
Lundi;13/03/2023;20230313;Open;Mobile;789;5281,555298
Lundi;13/03/2023;20230313;Open;Premium;0;0
Mardi;14/03/2023;20230314;DART;Convergents;899;0
Mardi;14/03/2023;20230314;DART;Mobile;204;0
Mardi;14/03/2023;20230314;Open;ADSL;2004;0
Mardi;14/03/2023;20230314;Open;Fibre;1741;0
Mardi;14/03/2023;20230314;Open;Mobile;694;5155,556743
Mardi;14/03/2023;20230314;Open;Premium;0;0
Mercredi;15/03/2023;20230315;DART;Convergents;928;0
Mercredi;15/03/2023;20230315;DART;Mobile;201;0
Mercredi;15/03/2023;20230315;Open;ADSL;2069;0
Mercredi;15/03/2023;20230315;Open;Fibre;1807;0
Mercredi;15/03/2023;20230315;Open;Mobile;681;5289,456355
Mercredi;15/03/2023;20230315;Open;Premium;0;0
Jeudi;16/03/2023;20230316;DART;Convergents;836;0
Jeudi;16/03/2023;20230316;DART;Mobile;187;0
Jeudi;16/03/2023;20230316;Open;ADSL;1865;0
Jeudi;16/03/2023;20230316;Open;Fibre;1643;0
Jeudi;16/03/2023;20230316;Open;Mobile;635;4658,443509
Jeudi;16/03/2023;20230316;Open;Premium;0;0
Vendredi;17/03/2023;20230317;DART;Convergents;848;0
Vendredi;17/03/2023;20230317;DART;Mobile;184;0
Vendredi;17/03/2023;20230317;Open;ADSL;1891;0
Vendredi;17/03/2023;20230317;Open;Fibre;1677;0
Vendredi;17/03/2023;20230317;Open;Mobile;624;4592,05239
Vendredi;17/03/2023;20230317;Open;Premium;0;0
Samedi;18/03/2023;20230318;DART;Convergents;529;0
Samedi;18/03/2023;20230318;DART;Mobile;118;0
Samedi;18/03/2023;20230318;Open;ADSL;1180;0
Samedi;18/03/2023;20230318;Open;Fibre;1032;0
Samedi;18/03/2023;20230318;Open;Mobile;402;2880,940717
Samedi;18/03/2023;20230318;Open;Premium;0;0
Dimanche;19/03/2023;20230319;DART;Convergents;0;0
Dimanche;19/03/2023;20230319;DART;Mobile;0;0
Dimanche;19/03/2023;20230319;Open;ADSL;0;0
Dimanche;19/03/2023;20230319;Open;Fibre;0;0
Dimanche;19/03/2023;20230319;Open;Mobile;0;0
Lundi;20/03/2023;20230320;DART;Convergents;870;0
Lundi;20/03/2023;20230320;DART;Mobile;194;0
Lundi;20/03/2023;20230320;Open;ADSL;2254;0
Lundi;20/03/2023;20230320;Open;Fibre;1940;0
Lundi;20/03/2023;20230320;Open;Mobile;782;5472,082241
Lundi;20/03/2023;20230320;Open;Premium;0;0
Mardi;21/03/2023;20230321;DART;Convergents;749;0
Mardi;21/03/2023;20230321;DART;Mobile;170;0
Mardi;21/03/2023;20230321;Open;ADSL;1940;0
Mardi;21/03/2023;20230321;Open;Fibre;1696;0
Mardi;21/03/2023;20230321;Open;Mobile;688;5380,027912
Mardi;21/03/2023;20230321;Open;Premium;0;0
Mercredi;22/03/2023;20230322;DART;Convergents;773;0
Mercredi;22/03/2023;20230322;DART;Mobile;167;0
Mercredi;22/03/2023;20230322;Open;ADSL;2003;0
Mercredi;22/03/2023;20230322;Open;Fibre;1759;0
Mercredi;22/03/2023;20230322;Open;Mobile;675;5562,810018
Mercredi;22/03/2023;20230322;Open;Premium;0;0
Jeudi;23/03/2023;20230323;DART;Convergents;697;0
Jeudi;23/03/2023;20230323;DART;Mobile;156;0
Jeudi;23/03/2023;20230323;Open;ADSL;1805;0
Jeudi;23/03/2023;20230323;Open;Fibre;1600;0
Jeudi;23/03/2023;20230323;Open;Mobile;630;5242,560379
Jeudi;23/03/2023;20230323;Open;Premium;0;0
Vendredi;24/03/2023;20230324;DART;Convergents;706;0
Vendredi;24/03/2023;20230324;DART;Mobile;153;0
Vendredi;24/03/2023;20230324;Open;ADSL;1831;0
Vendredi;24/03/2023;20230324;Open;Fibre;1632;0
Vendredi;24/03/2023;20230324;Open;Mobile;618;5167,844554
Vendredi;24/03/2023;20230324;Open;Premium;0;0
Samedi;25/03/2023;20230325;DART;Convergents;441;0
Samedi;25/03/2023;20230325;DART;Mobile;98;0
Samedi;25/03/2023;20230325;Open;ADSL;1142;0
Samedi;25/03/2023;20230325;Open;Fibre;1005;0
Samedi;25/03/2023;20230325;Open;Mobile;398;3271,930498
Samedi;25/03/2023;20230325;Open;Premium;0;0
Dimanche;26/03/2023;20230326;DART;Convergents;0;0
Dimanche;26/03/2023;20230326;DART;Mobile;0;0
Dimanche;26/03/2023;20230326;Open;ADSL;0;0
Dimanche;26/03/2023;20230326;Open;Fibre;0;0
Dimanche;26/03/2023;20230326;Open;Mobile;0;0
Lundi;27/03/2023;20230327;DART;Convergents;870;0
Lundi;27/03/2023;20230327;DART;Mobile;194;0
Lundi;27/03/2023;20230327;Open;ADSL;2344;0
Lundi;27/03/2023;20230327;Open;Fibre;2013;0
Lundi;27/03/2023;20230327;Open;Mobile;828;5400,829272
Lundi;27/03/2023;20230327;Open;Premium;0;0
Mardi;28/03/2023;20230328;DART;Convergents;749;0
Mardi;28/03/2023;20230328;DART;Mobile;170;0
Mardi;28/03/2023;20230328;Open;ADSL;2016;0
Mardi;28/03/2023;20230328;Open;Fibre;1760;0
Mardi;28/03/2023;20230328;Open;Mobile;728;5296,800457
Mardi;28/03/2023;20230328;Open;Premium;0;0
Mercredi;29/03/2023;20230329;DART;Convergents;773;0
Mercredi;29/03/2023;20230329;DART;Mobile;167;0
Mercredi;29/03/2023;20230329;Open;ADSL;2082;0
Mercredi;29/03/2023;20230329;Open;Fibre;1827;0
Mercredi;29/03/2023;20230329;Open;Mobile;714;5480,116367
Mercredi;29/03/2023;20230329;Open;Premium;0;0
Jeudi;30/03/2023;20230330;DART;Convergents;697;0
Jeudi;30/03/2023;20230330;DART;Mobile;156;0
Jeudi;30/03/2023;20230330;Open;ADSL;1876;0
Jeudi;30/03/2023;20230330;Open;Fibre;1660;0
Jeudi;30/03/2023;20230330;Open;Mobile;665;4849,456627
Jeudi;30/03/2023;20230330;Open;Premium;0;0
Vendredi;31/03/2023;20230331;DART;Convergents;706;0
Vendredi;31/03/2023;20230331;DART;Mobile;153;0
Vendredi;31/03/2023;20230331;Open;ADSL;1902;0
Vendredi;31/03/2023;20230331;Open;Fibre;1695;0
Vendredi;31/03/2023;20230331;Open;Mobile;653;4762,829252
Vendredi;31/03/2023;20230331;Open;Premium;0;0
Samedi;01/04/2023;20230401;DART;Convergents;441;0
Samedi;01/04/2023;20230401;DART;Mobile;98;0
Samedi;01/04/2023;20230401;Open;ADSL;1230;0
Samedi;01/04/2023;20230401;Open;Fibre;1010;0
Samedi;01/04/2023;20230401;Open;Mobile;350;3015,502135
Samedi;01/04/2023;20230401;Open;Premium;0;0
Dimanche;02/04/2023;20230402;DART;Convergents;0;0
Dimanche;02/04/2023;20230402;DART;Mobile;0;0
Dimanche;02/04/2023;20230402;Open;ADSL;0;0
Dimanche;02/04/2023;20230402;Open;Fibre;0;0
Dimanche;02/04/2023;20230402;Open;Mobile;0;0
Lundi;03/04/2023;20230403;DART;Convergents;1044;0
Lundi;03/04/2023;20230403;DART;Mobile;232;0
Lundi;03/04/2023;20230403;Open;ADSL;2330;0
Lundi;03/04/2023;20230403;Open;Fibre;1978;0
Lundi;03/04/2023;20230403;Open;Mobile;642;5697,710556
Lundi;03/04/2023;20230403;Open;Premium;0;0
Mardi;04/04/2023;20230404;DART;Convergents;899;0
Mardi;04/04/2023;20230404;DART;Mobile;204;0
Mardi;04/04/2023;20230404;Open;ADSL;2006;0
Mardi;04/04/2023;20230404;Open;Fibre;1729;0
Mardi;04/04/2023;20230404;Open;Mobile;563;5561,103279
Mardi;04/04/2023;20230404;Open;Premium;0;0
Mercredi;05/04/2023;20230405;DART;Convergents;928;0
Mercredi;05/04/2023;20230405;DART;Mobile;201;0
Mercredi;05/04/2023;20230405;Open;ADSL;2071;0
Mercredi;05/04/2023;20230405;Open;Fibre;1796;0
Mercredi;05/04/2023;20230405;Open;Mobile;552;5702,087292
Mercredi;05/04/2023;20230405;Open;Premium;0;0
Jeudi;06/04/2023;20230406;DART;Convergents;836;0
Jeudi;06/04/2023;20230406;DART;Mobile;187;0
Jeudi;06/04/2023;20230406;Open;ADSL;1866;0
Jeudi;06/04/2023;20230406;Open;Fibre;1633;0
Jeudi;06/04/2023;20230406;Open;Mobile;515;4949,150321
Jeudi;06/04/2023;20230406;Open;Premium;0;0
Vendredi;07/04/2023;20230407;DART;Convergents;848;0
Vendredi;07/04/2023;20230407;DART;Mobile;184;0
Vendredi;07/04/2023;20230407;Open;ADSL;1893;0
Vendredi;07/04/2023;20230407;Open;Fibre;1681;0
Vendredi;07/04/2023;20230407;Open;Mobile;506;4753,099264
Vendredi;07/04/2023;20230407;Open;Premium;0;0
Samedi;08/04/2023;20230408;DART;Convergents;529;0
Samedi;08/04/2023;20230408;DART;Mobile;118;0
Samedi;08/04/2023;20230408;Open;ADSL;1145;0
Samedi;08/04/2023;20230408;Open;Fibre;944;0
Samedi;08/04/2023;20230408;Open;Mobile;326;3009,341763
Samedi;08/04/2023;20230408;Open;Premium;0;0
Dimanche;09/04/2023;20230409;DART;Convergents;0;0
Dimanche;09/04/2023;20230409;DART;Mobile;0;0
Dimanche;09/04/2023;20230409;Open;ADSL;0;0
Dimanche;09/04/2023;20230409;Open;Fibre;0;0
Dimanche;09/04/2023;20230409;Open;Mobile;0;0
Lundi;10/04/2023;20230410;DART;Convergents;0;0
Lundi;10/04/2023;20230410;DART;Mobile;0;0
Lundi;10/04/2023;20230410;Open;ADSL;0;0
Lundi;10/04/2023;20230410;Open;Fibre;0;0
Lundi;10/04/2023;20230410;Open;Mobile;0;0
Mardi;11/04/2023;20230411;DART;Convergents;1131;0
Mardi;11/04/2023;20230411;DART;Mobile;257;0
Mardi;11/04/2023;20230411;Open;ADSL;2478;0
Mardi;11/04/2023;20230411;Open;Fibre;2298;0
Mardi;11/04/2023;20230411;Open;Mobile;721;6672,892219
Mardi;11/04/2023;20230411;Open;Premium;0;0
Mercredi;12/04/2023;20230412;DART;Convergents;1168;0
Mercredi;12/04/2023;20230412;DART;Mobile;253;0
Mercredi;12/04/2023;20230412;Open;ADSL;2172;0
Mercredi;12/04/2023;20230412;Open;Fibre;1973;0
Mercredi;12/04/2023;20230412;Open;Mobile;620;7136,239273
Mercredi;12/04/2023;20230412;Open;Premium;0;0
Jeudi;13/04/2023;20230413;DART;Convergents;1052;0
Jeudi;13/04/2023;20230413;DART;Mobile;236;0
Jeudi;13/04/2023;20230413;Open;ADSL;1957;0
Jeudi;13/04/2023;20230413;Open;Fibre;1793;0
Jeudi;13/04/2023;20230413;Open;Mobile;563;6268,860243
Jeudi;13/04/2023;20230413;Open;Premium;0;0
Vendredi;14/04/2023;20230414;DART;Convergents;1067;0
Vendredi;14/04/2023;20230414;DART;Mobile;231;0
Vendredi;14/04/2023;20230414;Open;ADSL;2006;0
Vendredi;14/04/2023;20230414;Open;Fibre;1850;0
Vendredi;14/04/2023;20230414;Open;Mobile;580;6179,517816
Vendredi;14/04/2023;20230414;Open;Premium;0;0
Samedi;15/04/2023;20230415;DART;Convergents;666;0
Samedi;15/04/2023;20230415;DART;Mobile;148;0
Samedi;15/04/2023;20230415;Open;ADSL;1277;0
Samedi;15/04/2023;20230415;Open;Fibre;1080;0
Samedi;15/04/2023;20230415;Open;Mobile;338;3815,47581
Samedi;15/04/2023;20230415;Open;Premium;0;0
Dimanche;16/04/2023;20230416;DART;Convergents;0;0
Dimanche;16/04/2023;20230416;DART;Mobile;0;0
Dimanche;16/04/2023;20230416;Open;ADSL;0;0
Dimanche;16/04/2023;20230416;Open;Fibre;0;0
Dimanche;16/04/2023;20230416;Open;Mobile;0;0
Lundi;17/04/2023;20230417;DART;Convergents;1172;0
Lundi;17/04/2023;20230417;DART;Mobile;0;0
Lundi;17/04/2023;20230417;Open;ADSL;2334;0
Lundi;17/04/2023;20230417;Open;Fibre;2050;0
Lundi;17/04/2023;20230417;Open;Mobile;659;5534,480625
Lundi;17/04/2023;20230417;Open;Premium;0;0
Mardi;18/04/2023;20230418;DART;Convergents;1008;0
Mardi;18/04/2023;20230418;DART;Mobile;327;0
Mardi;18/04/2023;20230418;Open;ADSL;2009;0
Mardi;18/04/2023;20230418;Open;Fibre;1793;0
Mardi;18/04/2023;20230418;Open;Mobile;579;5441,844689
Mardi;18/04/2023;20230418;Open;Premium;0;0
Mercredi;19/04/2023;20230419;DART;Convergents;1041;0
Mercredi;19/04/2023;20230419;DART;Mobile;320;0
Mercredi;19/04/2023;20230419;Open;ADSL;2074;0
Mercredi;19/04/2023;20230419;Open;Fibre;1861;0
Mercredi;19/04/2023;20230419;Open;Mobile;567;5529,195365
Mercredi;19/04/2023;20230419;Open;Premium;0;0
Jeudi;20/04/2023;20230420;DART;Convergents;938;0
Jeudi;20/04/2023;20230420;DART;Mobile;299;0
Jeudi;20/04/2023;20230420;Open;ADSL;1870;0
Jeudi;20/04/2023;20230420;Open;Fibre;1692;0
Jeudi;20/04/2023;20230420;Open;Mobile;529;4892,887544
Jeudi;20/04/2023;20230420;Open;Premium;0;0
Vendredi;21/04/2023;20230421;DART;Convergents;951;0
Vendredi;21/04/2023;20230421;DART;Mobile;293;0
Vendredi;21/04/2023;20230421;Open;ADSL;1897;0
Vendredi;21/04/2023;20230421;Open;Fibre;1727;0
Vendredi;21/04/2023;20230421;Open;Mobile;519;4770,613243
Vendredi;21/04/2023;20230421;Open;Premium;0;0
Samedi;22/04/2023;20230422;DART;Convergents;593;0
Samedi;22/04/2023;20230422;DART;Mobile;189;0
Samedi;22/04/2023;20230422;Open;ADSL;1183;0
Samedi;22/04/2023;20230422;Open;Fibre;1064;0
Samedi;22/04/2023;20230422;Open;Mobile;335;3020,430433
Samedi;22/04/2023;20230422;Open;Premium;0;0
Dimanche;23/04/2023;20230423;DART;Convergents;0;0
Dimanche;23/04/2023;20230423;DART;Mobile;0;0
Dimanche;23/04/2023;20230423;Open;ADSL;0;0
Dimanche;23/04/2023;20230423;Open;Fibre;0;0
Dimanche;23/04/2023;20230423;Open;Mobile;0;0
Lundi;24/04/2023;20230424;DART;Convergents;1333;0
Lundi;24/04/2023;20230424;DART;Mobile;0;0
Lundi;24/04/2023;20230424;Open;ADSL;2350;0
Lundi;24/04/2023;20230424;Open;Fibre;2033;0
Lundi;24/04/2023;20230424;Open;Mobile;657;6078,304329
Lundi;24/04/2023;20230424;Open;Premium;0;0
Mardi;25/04/2023;20230425;DART;Convergents;1148;0
Mardi;25/04/2023;20230425;DART;Mobile;363;0
Mardi;25/04/2023;20230425;Open;ADSL;2021;0
Mardi;25/04/2023;20230425;Open;Fibre;1777;0
Mardi;25/04/2023;20230425;Open;Mobile;577;5917,54536
Mardi;25/04/2023;20230425;Open;Premium;0;0
Mercredi;26/04/2023;20230426;DART;Convergents;1184;0
Mercredi;26/04/2023;20230426;DART;Mobile;356;0
Mercredi;26/04/2023;20230426;Open;ADSL;2088;0
Mercredi;26/04/2023;20230426;Open;Fibre;1845;0
Mercredi;26/04/2023;20230426;Open;Mobile;568;6070,46682
Mercredi;26/04/2023;20230426;Open;Premium;0;0
Jeudi;27/04/2023;20230427;DART;Convergents;1067;0
Jeudi;27/04/2023;20230427;DART;Mobile;331;0
Jeudi;27/04/2023;20230427;Open;ADSL;1881;0
Jeudi;27/04/2023;20230427;Open;Fibre;1678;0
Jeudi;27/04/2023;20230427;Open;Mobile;527;5349,574157
Jeudi;27/04/2023;20230427;Open;Premium;0;0
Vendredi;28/04/2023;20230428;DART;Convergents;1083;0
Vendredi;28/04/2023;20230428;DART;Mobile;326;0
Vendredi;28/04/2023;20230428;Open;ADSL;1927;0
Vendredi;28/04/2023;20230428;Open;Fibre;1762;0
Vendredi;28/04/2023;20230428;Open;Mobile;518;5231,577275
Vendredi;28/04/2023;20230428;Open;Premium;0;0
Samedi;29/04/2023;20230429;DART;Convergents;675;0
Samedi;29/04/2023;20230429;DART;Mobile;210;0
Samedi;29/04/2023;20230429;Open;ADSL;1178;0
Samedi;29/04/2023;20230429;Open;Fibre;1033;0
Samedi;29/04/2023;20230429;Open;Mobile;334;3273,321921
Samedi;29/04/2023;20230429;Open;Premium;0;0
Dimanche;30/04/2023;20230430;DART;Convergents;0;0
Dimanche;30/04/2023;20230430;DART;Mobile;0;0
Dimanche;30/04/2023;20230430;Open;ADSL;0;0
Dimanche;30/04/2023;20230430;Open;Fibre;0;0
Dimanche;30/04/2023;20230430;Open;Mobile;0;0
Lundi;01/05/2023;20230501;DART;Convergents;0;0
Lundi;01/05/2023;20230501;DART;Mobile;0;0
Lundi;01/05/2023;20230501;Open;ADSL;0;0
Lundi;01/05/2023;20230501;Open;Fibre;0;0
Lundi;01/05/2023;20230501;Open;Mobile;0;0
Mardi;02/05/2023;20230502;DART;Convergents;1053;0
Mardi;02/05/2023;20230502;DART;Mobile;270;0
Mardi;02/05/2023;20230502;Open;ADSL;2281;0
Mardi;02/05/2023;20230502;Open;Fibre;2039;0
Mardi;02/05/2023;20230502;Open;Mobile;638;7449,368457
Mardi;02/05/2023;20230502;Open;Premium;0;0
Mercredi;03/05/2023;20230503;DART;Convergents;1087;0
Mercredi;03/05/2023;20230503;DART;Mobile;265;0
Mercredi;03/05/2023;20230503;Open;ADSL;2039;0
Mercredi;03/05/2023;20230503;Open;Fibre;1800;0
Mercredi;03/05/2023;20230503;Open;Mobile;547;7533,997502
Mercredi;03/05/2023;20230503;Open;Premium;0;0
Jeudi;04/05/2023;20230504;DART;Convergents;979;0
Jeudi;04/05/2023;20230504;DART;Mobile;247;0
Jeudi;04/05/2023;20230504;Open;ADSL;1818;0
Jeudi;04/05/2023;20230504;Open;Fibre;1620;0
Jeudi;04/05/2023;20230504;Open;Mobile;497;6566,894128
Jeudi;04/05/2023;20230504;Open;Premium;0;0
Vendredi;05/05/2023;20230505;DART;Convergents;994;0
Vendredi;05/05/2023;20230505;DART;Mobile;242;0
Vendredi;05/05/2023;20230505;Open;ADSL;1845;0
Vendredi;05/05/2023;20230505;Open;Fibre;1670;0
Vendredi;05/05/2023;20230505;Open;Mobile;513;6473,304188
Vendredi;05/05/2023;20230505;Open;Premium;0;0
Samedi;06/05/2023;20230506;DART;Convergents;619;0
Samedi;06/05/2023;20230506;DART;Mobile;156;0
Samedi;06/05/2023;20230506;Open;ADSL;1150;0
Samedi;06/05/2023;20230506;Open;Fibre;975;0
Samedi;06/05/2023;20230506;Open;Mobile;299;4066,801212
Samedi;06/05/2023;20230506;Open;Premium;0;0
Dimanche;07/05/2023;20230507;DART;Convergents;0;0
Dimanche;07/05/2023;20230507;DART;Mobile;0;0
Dimanche;07/05/2023;20230507;Open;ADSL;0;0
Dimanche;07/05/2023;20230507;Open;Fibre;0;0
Dimanche;07/05/2023;20230507;Open;Mobile;0;0
Lundi;08/05/2023;20230508;DART;Convergents;0;0
Lundi;08/05/2023;20230508;DART;Mobile;0;0
Lundi;08/05/2023;20230508;Open;ADSL;0;0
Lundi;08/05/2023;20230508;Open;Fibre;0;0
Lundi;08/05/2023;20230508;Open;Mobile;0;0
Mardi;09/05/2023;20230509;DART;Convergents;945;0
Mardi;09/05/2023;20230509;DART;Mobile;241;0
Mardi;09/05/2023;20230509;Open;ADSL;2214;0
Mardi;09/05/2023;20230509;Open;Fibre;1904;0
Mardi;09/05/2023;20230509;Open;Mobile;636;7041,981119
Mardi;09/05/2023;20230509;Open;Premium;0;0
Mercredi;10/05/2023;20230510;DART;Convergents;976;0
Mercredi;10/05/2023;20230510;DART;Mobile;237;0
Mercredi;10/05/2023;20230510;Open;ADSL;1978;0
Mercredi;10/05/2023;20230510;Open;Fibre;1680;0
Mercredi;10/05/2023;20230510;Open;Mobile;546;7279,920679
Mercredi;10/05/2023;20230510;Open;Premium;0;0
Jeudi;11/05/2023;20230511;DART;Convergents;879;0
Jeudi;11/05/2023;20230511;DART;Mobile;220;0
Jeudi;11/05/2023;20230511;Open;ADSL;1764;0
Jeudi;11/05/2023;20230511;Open;Fibre;1513;0
Jeudi;11/05/2023;20230511;Open;Mobile;497;6291,331347
Jeudi;11/05/2023;20230511;Open;Premium;0;0
Vendredi;12/05/2023;20230512;DART;Convergents;892;0
Vendredi;12/05/2023;20230512;DART;Mobile;217;0
Vendredi;12/05/2023;20230512;Open;ADSL;1789;0
Vendredi;12/05/2023;20230512;Open;Fibre;1560;0
Vendredi;12/05/2023;20230512;Open;Mobile;512;6201,668667
Vendredi;12/05/2023;20230512;Open;Premium;0;0
Samedi;13/05/2023;20230513;DART;Convergents;556;0
Samedi;13/05/2023;20230513;DART;Mobile;140;0
Samedi;13/05/2023;20230513;Open;ADSL;1115;0
Samedi;13/05/2023;20230513;Open;Fibre;910;0
Samedi;13/05/2023;20230513;Open;Mobile;299;3926,478174
Samedi;13/05/2023;20230513;Open;Premium;0;0
Dimanche;14/05/2023;20230514;DART;Convergents;0;0
Dimanche;14/05/2023;20230514;DART;Mobile;0;0
Dimanche;14/05/2023;20230514;Open;ADSL;0;0
Dimanche;14/05/2023;20230514;Open;Fibre;0;0
Dimanche;14/05/2023;20230514;Open;Mobile;0;0
Lundi;15/05/2023;20230515;DART;Convergents;91;0
Lundi;15/05/2023;20230515;DART;Mobile;0;0
Lundi;15/05/2023;20230515;Open;ADSL;2090;0
Lundi;15/05/2023;20230515;Open;Fibre;1820;0
Lundi;15/05/2023;20230515;Open;Mobile;581;6827,146991
Lundi;15/05/2023;20230515;Open;Premium;0;0
Mardi;16/05/2023;20230516;DART;Convergents;78;0
Mardi;16/05/2023;20230516;DART;Mobile;41;0
Mardi;16/05/2023;20230516;Open;ADSL;1798;0
Mardi;16/05/2023;20230516;Open;Fibre;1560;0
Mardi;16/05/2023;20230516;Open;Mobile;512;6558,492941
Mardi;16/05/2023;20230516;Open;Premium;0;0
Mercredi;17/05/2023;20230517;DART;Convergents;81;0
Mercredi;17/05/2023;20230517;DART;Mobile;40;0
Mercredi;17/05/2023;20230517;Open;ADSL;1821;0
Mercredi;17/05/2023;20230517;Open;Fibre;1618;0
Mercredi;17/05/2023;20230517;Open;Mobile;502;6808,953664
Mercredi;17/05/2023;20230517;Open;Premium;0;0
Jeudi;18/05/2023;20230518;DART;Convergents;0;0
Jeudi;18/05/2023;20230518;DART;Mobile;0;0
Jeudi;18/05/2023;20230518;Open;ADSL;0;0
Jeudi;18/05/2023;20230518;Open;Fibre;0;0
Jeudi;18/05/2023;20230518;Open;Mobile;0;0
Vendredi;19/05/2023;20230519;DART;Convergents;0;0
Vendredi;19/05/2023;20230519;DART;Mobile;38;0
Vendredi;19/05/2023;20230519;Open;ADSL;1833;0
Vendredi;19/05/2023;20230519;Open;Fibre;1698;0
Vendredi;19/05/2023;20230519;Open;Mobile;506;5913,070025
Vendredi;19/05/2023;20230519;Open;Premium;0;0
Samedi;20/05/2023;20230520;DART;Convergents;74;0
Samedi;20/05/2023;20230520;DART;Mobile;37;0
Samedi;20/05/2023;20230520;Open;ADSL;1069;0
Samedi;20/05/2023;20230520;Open;Fibre;904;0
Samedi;20/05/2023;20230520;Open;Mobile;310;3743,756986
Samedi;20/05/2023;20230520;Open;Premium;0;0
Dimanche;21/05/2023;20230521;DART;Convergents;0;0
Dimanche;21/05/2023;20230521;DART;Mobile;0;0
Dimanche;21/05/2023;20230521;Open;ADSL;0;0
Dimanche;21/05/2023;20230521;Open;Fibre;0;0
Dimanche;21/05/2023;20230521;Open;Mobile;0;0
Lundi;22/05/2023;20230522;DART;Convergents;46;0
Lundi;22/05/2023;20230522;DART;Mobile;24;0
Lundi;22/05/2023;20230522;Open;ADSL;2129;0
Lundi;22/05/2023;20230522;Open;Fibre;1826;0
Lundi;22/05/2023;20230522;Open;Mobile;581;5548,787893
Lundi;22/05/2023;20230522;Open;Premium;0;0
Mardi;23/05/2023;20230523;DART;Convergents;64;0
Mardi;23/05/2023;20230523;DART;Mobile;0;0
Mardi;23/05/2023;20230523;Open;ADSL;1832;0
Mardi;23/05/2023;20230523;Open;Fibre;1595;0
Mardi;23/05/2023;20230523;Open;Mobile;512;5441,909153
Mardi;23/05/2023;20230523;Open;Premium;0;0
Mercredi;24/05/2023;20230524;DART;Convergents;55;0
Mercredi;24/05/2023;20230524;DART;Mobile;34;0
Mercredi;24/05/2023;20230524;Open;ADSL;1891;0
Mercredi;24/05/2023;20230524;Open;Fibre;1656;0
Mercredi;24/05/2023;20230524;Open;Mobile;501;5599,341152
Mercredi;24/05/2023;20230524;Open;Premium;0;0
Jeudi;25/05/2023;20230525;DART;Convergents;57;0
Jeudi;25/05/2023;20230525;DART;Mobile;34;0
Jeudi;25/05/2023;20230525;Open;ADSL;1704;0
Jeudi;25/05/2023;20230525;Open;Fibre;1506;0
Jeudi;25/05/2023;20230525;Open;Mobile;467;4932,666315
Jeudi;25/05/2023;20230525;Open;Premium;0;0
Vendredi;26/05/2023;20230526;DART;Convergents;51;0
Vendredi;26/05/2023;20230526;DART;Mobile;32;0
Vendredi;26/05/2023;20230526;Open;ADSL;1710;0
Vendredi;26/05/2023;20230526;Open;Fibre;1537;0
Vendredi;26/05/2023;20230526;Open;Mobile;459;4862,367032
Vendredi;26/05/2023;20230526;Open;Premium;0;0
Samedi;27/05/2023;20230527;DART;Convergents;51;0
Samedi;27/05/2023;20230527;DART;Mobile;31;0
Samedi;27/05/2023;20230527;Open;ADSL;1047;0
Samedi;27/05/2023;20230527;Open;Fibre;870;0
Samedi;27/05/2023;20230527;Open;Mobile;295;3053,477133
Samedi;27/05/2023;20230527;Open;Premium;0;0
Dimanche;28/05/2023;20230528;DART;Convergents;0;0
Dimanche;28/05/2023;20230528;DART;Mobile;0;0
Dimanche;28/05/2023;20230528;Open;ADSL;0;0
Dimanche;28/05/2023;20230528;Open;Fibre;0;0
Dimanche;28/05/2023;20230528;Open;Mobile;0;0
Lundi;29/05/2023;20230529;DART;Convergents;0;0
Lundi;29/05/2023;20230529;DART;Mobile;0;0
Lundi;29/05/2023;20230529;Open;ADSL;0;0
Lundi;29/05/2023;20230529;Open;Fibre;0;0
Lundi;29/05/2023;20230529;Open;Mobile;0;0
Mardi;30/05/2023;20230530;DART;Convergents;32;0
Mardi;30/05/2023;20230530;DART;Mobile;20;0
Mardi;30/05/2023;20230530;Open;ADSL;2270;0
Mardi;30/05/2023;20230530;Open;Fibre;2063;0
Mardi;30/05/2023;20230530;Open;Mobile;614;6549,534887
Mardi;30/05/2023;20230530;Open;Premium;0;0
Mercredi;31/05/2023;20230531;DART;Convergents;0;0
Mercredi;31/05/2023;20230531;DART;Mobile;0;0
Mercredi;31/05/2023;20230531;Open;ADSL;1997;0
Mercredi;31/05/2023;20230531;Open;Fibre;1810;0
Mercredi;31/05/2023;20230531;Open;Mobile;527;6740,782054
Mercredi;31/05/2023;20230531;Open;Premium;0;0
Jeudi;01/06/2023;20230601;Open;ADSL;1769;0
Jeudi;01/06/2023;20230601;Open;Fibre;1547;0
Jeudi;01/06/2023;20230601;Open;Mobile;508;6603,910023
Jeudi;01/06/2023;20230601;Open;Premium;0;0
Vendredi;02/06/2023;20230602;Open;ADSL;1777;0
Vendredi;02/06/2023;20230602;Open;Fibre;1579;0
Vendredi;02/06/2023;20230602;Open;Mobile;523;6385,461855
Vendredi;02/06/2023;20230602;Open;Premium;0;0
Samedi;03/06/2023;20230603;Open;ADSL;1073;0
Samedi;03/06/2023;20230603;Open;Fibre;911;0
Samedi;03/06/2023;20230603;Open;Mobile;305;4008,618489
Samedi;03/06/2023;20230603;Open;Premium;0;0
Dimanche;04/06/2023;20230604;Open;ADSL;0;0
Dimanche;04/06/2023;20230604;Open;Fibre;0;0
Dimanche;04/06/2023;20230604;Open;Mobile;0;0
Lundi;05/06/2023;20230605;Open;ADSL;2112;0
Lundi;05/06/2023;20230605;Open;Fibre;1757;0
Lundi;05/06/2023;20230605;Open;Mobile;532;5808,597359
Lundi;05/06/2023;20230605;Open;Premium;0;0
Mardi;06/06/2023;20230606;Open;ADSL;1819;0
Mardi;06/06/2023;20230606;Open;Fibre;1536;0
Mardi;06/06/2023;20230606;Open;Mobile;467;5672,44711
Mardi;06/06/2023;20230606;Open;Premium;0;0
Mercredi;07/06/2023;20230607;Open;ADSL;1878;0
Mercredi;07/06/2023;20230607;Open;Fibre;1593;0
Mercredi;07/06/2023;20230607;Open;Mobile;458;5866,396343
Mercredi;07/06/2023;20230607;Open;Premium;0;0
Jeudi;08/06/2023;20230608;Open;ADSL;1693;0
Jeudi;08/06/2023;20230608;Open;Fibre;1449;0
Jeudi;08/06/2023;20230608;Open;Mobile;427;5233,642564
Jeudi;08/06/2023;20230608;Open;Premium;0;0
Vendredi;09/06/2023;20230609;Open;ADSL;1717;0
Vendredi;09/06/2023;20230609;Open;Fibre;1478;0
Vendredi;09/06/2023;20230609;Open;Mobile;420;5137,077034
Vendredi;09/06/2023;20230609;Open;Premium;0;0
Samedi;10/06/2023;20230610;Open;ADSL;1070;0
Samedi;10/06/2023;20230610;Open;Fibre;910;0
Samedi;10/06/2023;20230610;Open;Mobile;270;3213,490744
Samedi;10/06/2023;20230610;Open;Premium;0;0
Dimanche;11/06/2023;20230611;Open;ADSL;0;0
Dimanche;11/06/2023;20230611;Open;Fibre;0;0
Dimanche;11/06/2023;20230611;Open;Mobile;0;0
Lundi;12/06/2023;20230612;Open;ADSL;2161;0
Lundi;12/06/2023;20230612;Open;Fibre;1786;0
Lundi;12/06/2023;20230612;Open;Mobile;533;5724,468579
Lundi;12/06/2023;20230612;Open;Premium;0;0
Mardi;13/06/2023;20230613;Open;ADSL;1859;0
Mardi;13/06/2023;20230613;Open;Fibre;1562;0
Mardi;13/06/2023;20230613;Open;Mobile;467;5568,098351
Mardi;13/06/2023;20230613;Open;Premium;0;0
Mercredi;14/06/2023;20230614;Open;ADSL;1920;0
Mercredi;14/06/2023;20230614;Open;Fibre;1621;0
Mercredi;14/06/2023;20230614;Open;Mobile;459;5780,737131
Mercredi;14/06/2023;20230614;Open;Premium;0;0
Jeudi;15/06/2023;20230615;Open;ADSL;1730;0
Jeudi;15/06/2023;20230615;Open;Fibre;1474;0
Jeudi;15/06/2023;20230615;Open;Mobile;428;5097,645889
Jeudi;15/06/2023;20230615;Open;Premium;0;0
Vendredi;16/06/2023;20230616;Open;ADSL;1755;0
Vendredi;16/06/2023;20230616;Open;Fibre;1502;0
Vendredi;16/06/2023;20230616;Open;Mobile;421;5014,006953
Vendredi;16/06/2023;20230616;Open;Premium;0;0
Samedi;17/06/2023;20230617;Open;ADSL;1095;0
Samedi;17/06/2023;20230617;Open;Fibre;926;0
Samedi;17/06/2023;20230617;Open;Mobile;270;3174,530908
Samedi;17/06/2023;20230617;Open;Premium;0;0
Dimanche;18/06/2023;20230618;Open;ADSL;0;0
Dimanche;18/06/2023;20230618;Open;Fibre;0;0
Dimanche;18/06/2023;20230618;Open;Mobile;0;0
Lundi;19/06/2023;20230619;Open;ADSL;2168;0
Lundi;19/06/2023;20230619;Open;Fibre;1804;0
Lundi;19/06/2023;20230619;Open;Mobile;565;6120,368719
Lundi;19/06/2023;20230619;Open;Premium;0;0
Mardi;20/06/2023;20230620;Open;ADSL;1867;0
Mardi;20/06/2023;20230620;Open;Fibre;1577;0
Mardi;20/06/2023;20230620;Open;Mobile;496;5939,385798
Mardi;20/06/2023;20230620;Open;Premium;0;0
Mercredi;21/06/2023;20230621;Open;ADSL;1928;0
Mercredi;21/06/2023;20230621;Open;Fibre;1637;0
Mercredi;21/06/2023;20230621;Open;Mobile;487;6122,114286
Mercredi;21/06/2023;20230621;Open;Premium;0;0
Jeudi;22/06/2023;20230622;Open;ADSL;1738;0
Jeudi;22/06/2023;20230622;Open;Fibre;1489;0
Jeudi;22/06/2023;20230622;Open;Mobile;454;5417,572495
Jeudi;22/06/2023;20230622;Open;Premium;0;0
Vendredi;23/06/2023;20230623;Open;ADSL;1762;0
Vendredi;23/06/2023;20230623;Open;Fibre;1517;0
Vendredi;23/06/2023;20230623;Open;Mobile;446;5320,583315
Vendredi;23/06/2023;20230623;Open;Premium;0;0
Samedi;24/06/2023;20230624;Open;ADSL;1100;0
Samedi;24/06/2023;20230624;Open;Fibre;936;0
Samedi;24/06/2023;20230624;Open;Mobile;287;3368,634376
Samedi;24/06/2023;20230624;Open;Premium;0;0
Dimanche;25/06/2023;20230625;Open;ADSL;0;0
Dimanche;25/06/2023;20230625;Open;Fibre;0;0
Dimanche;25/06/2023;20230625;Open;Mobile;0;0
Lundi;26/06/2023;20230626;Open;ADSL;2213;0
Lundi;26/06/2023;20230626;Open;Fibre;1929;0
Lundi;26/06/2023;20230626;Open;Mobile;588;4586,001137
Lundi;26/06/2023;20230626;Open;Premium;0;0
Mardi;27/06/2023;20230627;Open;ADSL;1904;0
Mardi;27/06/2023;20230627;Open;Fibre;1686;0
Mardi;27/06/2023;20230627;Open;Mobile;517;4480,018408
Mardi;27/06/2023;20230627;Open;Premium;0;0
Mercredi;28/06/2023;20230628;Open;ADSL;1966;0
Mercredi;28/06/2023;20230628;Open;Fibre;1749;0
Mercredi;28/06/2023;20230628;Open;Mobile;507;4631,817578
Mercredi;28/06/2023;20230628;Open;Premium;0;0
Jeudi;29/06/2023;20230629;Open;ADSL;1772;0
Jeudi;29/06/2023;20230629;Open;Fibre;1590;0
Jeudi;29/06/2023;20230629;Open;Mobile;472;4064,646117
Jeudi;29/06/2023;20230629;Open;Premium;0;0
Vendredi;30/06/2023;20230630;Open;ADSL;1798;0
Vendredi;30/06/2023;20230630;Open;Fibre;1623;0
Vendredi;30/06/2023;20230630;Open;Mobile;464;4006,717669
Vendredi;30/06/2023;20230630;Open;Premium;0;0
Samedi;01/07/2023;20230701;Open;ADSL;1125;0
Samedi;01/07/2023;20230701;Open;Fibre;858;0
Samedi;01/07/2023;20230701;Open;Mobile;307;2536,783295
Samedi;01/07/2023;20230701;Open;Premium;0;0
Dimanche;02/07/2023;20230702;Open;ADSL;0;0
Dimanche;02/07/2023;20230702;Open;Fibre;0;0
Dimanche;02/07/2023;20230702;Open;Mobile;0;0
Lundi;03/07/2023;20230703;Open;ADSL;2350;0
Lundi;03/07/2023;20230703;Open;Fibre;1707;0
Lundi;03/07/2023;20230703;Open;Mobile;647;5357,023762
Lundi;03/07/2023;20230703;Open;Premium;0;0
Mardi;04/07/2023;20230704;Open;ADSL;2023;0
Mardi;04/07/2023;20230704;Open;Fibre;1491;0
Mardi;04/07/2023;20230704;Open;Mobile;570;4914,098566
Mardi;04/07/2023;20230704;Open;Premium;0;0
Mercredi;05/07/2023;20230705;Open;ADSL;2089;0
Mercredi;05/07/2023;20230705;Open;Fibre;1546;0
Mercredi;05/07/2023;20230705;Open;Mobile;558;5101,761905
Mercredi;05/07/2023;20230705;Open;Premium;0;0
Jeudi;06/07/2023;20230706;Open;ADSL;1883;0
Jeudi;06/07/2023;20230706;Open;Fibre;1405;0
Jeudi;06/07/2023;20230706;Open;Mobile;520;4496,402761
Jeudi;06/07/2023;20230706;Open;Premium;0;0
Vendredi;07/07/2023;20230707;Open;ADSL;1910;0
Vendredi;07/07/2023;20230707;Open;Fibre;1434;0
Vendredi;07/07/2023;20230707;Open;Mobile;511;4414,339993
Vendredi;07/07/2023;20230707;Open;Premium;0;0
Samedi;08/07/2023;20230708;Open;ADSL;1191;0
Samedi;08/07/2023;20230708;Open;Fibre;881;0
Samedi;08/07/2023;20230708;Open;Mobile;328;2794,862248
Samedi;08/07/2023;20230708;Open;Premium;0;0
Dimanche;09/07/2023;20230709;Open;ADSL;0;0
Dimanche;09/07/2023;20230709;Open;Fibre;0;0
Dimanche;09/07/2023;20230709;Open;Mobile;0;0
Lundi;10/07/2023;20230710;Open;ADSL;2577;0
Lundi;10/07/2023;20230710;Open;Fibre;2027;0
Lundi;10/07/2023;20230710;Open;Mobile;726;6555,315934
Lundi;10/07/2023;20230710;Open;Premium;0;0
Mardi;11/07/2023;20230711;Open;ADSL;2218;0
Mardi;11/07/2023;20230711;Open;Fibre;1641;0
Mardi;11/07/2023;20230711;Open;Mobile;640;6341,757898
Mardi;11/07/2023;20230711;Open;Premium;0;0
Mercredi;12/07/2023;20230712;Open;ADSL;2157;0
Mercredi;12/07/2023;20230712;Open;Fibre;1666;0
Mercredi;12/07/2023;20230712;Open;Mobile;626;6553,733282
Mercredi;12/07/2023;20230712;Open;Premium;0;0
Jeudi;13/07/2023;20230713;Open;ADSL;1906;0
Jeudi;13/07/2023;20230713;Open;Fibre;1484;0
Jeudi;13/07/2023;20230713;Open;Mobile;585;5748,729239
Jeudi;13/07/2023;20230713;Open;Premium;0;0
Vendredi;14/07/2023;20230714;Open;ADSL;0;0
Vendredi;14/07/2023;20230714;Open;Fibre;0;0
Vendredi;14/07/2023;20230714;Open;Mobile;0;0
Samedi;15/07/2023;20230715;Open;ADSL;1217;0
Samedi;15/07/2023;20230715;Open;Fibre;912;0
Samedi;15/07/2023;20230715;Open;Mobile;418;3621,202623
Samedi;15/07/2023;20230715;Open;Premium;0;0
Dimanche;16/07/2023;20230716;Open;ADSL;0;0
Dimanche;16/07/2023;20230716;Open;Fibre;0;0
Dimanche;16/07/2023;20230716;Open;Mobile;0;0
Lundi;17/07/2023;20230717;Open;ADSL;2496;0
Lundi;17/07/2023;20230717;Open;Fibre;1787;0
Lundi;17/07/2023;20230717;Open;Mobile;669;5370,63283
Lundi;17/07/2023;20230717;Open;Premium;0;0
Mardi;18/07/2023;20230718;Open;ADSL;2148;0
Mardi;18/07/2023;20230718;Open;Fibre;1562;0
Mardi;18/07/2023;20230718;Open;Mobile;588;5245,34521
Mardi;18/07/2023;20230718;Open;Premium;0;0
Mercredi;19/07/2023;20230719;Open;ADSL;2220;0
Mercredi;19/07/2023;20230719;Open;Fibre;1620;0
Mercredi;19/07/2023;20230719;Open;Mobile;577;5445,658448
Mercredi;19/07/2023;20230719;Open;Premium;0;0
Jeudi;20/07/2023;20230720;Open;ADSL;2000;0
Jeudi;20/07/2023;20230720;Open;Fibre;1472;0
Jeudi;20/07/2023;20230720;Open;Mobile;538;4818,964176
Jeudi;20/07/2023;20230720;Open;Premium;0;0
Vendredi;21/07/2023;20230721;Open;ADSL;2029;0
Vendredi;21/07/2023;20230721;Open;Fibre;1501;0
Vendredi;21/07/2023;20230721;Open;Mobile;528;4684,354951
Vendredi;21/07/2023;20230721;Open;Premium;0;0
Samedi;22/07/2023;20230722;Open;ADSL;1266;0
Samedi;22/07/2023;20230722;Open;Fibre;923;0
Samedi;22/07/2023;20230722;Open;Mobile;340;2965,817502
Samedi;22/07/2023;20230722;Open;Premium;0;0
Dimanche;23/07/2023;20230723;Open;ADSL;0;0
Dimanche;23/07/2023;20230723;Open;Fibre;0;0
Dimanche;23/07/2023;20230723;Open;Mobile;0;0
Lundi;24/07/2023;20230724;Open;ADSL;2518;0
Lundi;24/07/2023;20230724;Open;Fibre;1807;0
Lundi;24/07/2023;20230724;Open;Mobile;687;5274,132171
Lundi;24/07/2023;20230724;Open;Premium;0;0
Mardi;25/07/2023;20230725;Open;ADSL;2168;0
Mardi;25/07/2023;20230725;Open;Fibre;1580;0
Mardi;25/07/2023;20230725;Open;Mobile;605;5150,703312
Mardi;25/07/2023;20230725;Open;Premium;0;0
Mercredi;26/07/2023;20230726;Open;ADSL;2240;0
Mercredi;26/07/2023;20230726;Open;Fibre;1638;0
Mercredi;26/07/2023;20230726;Open;Mobile;592;5347,402293
Mercredi;26/07/2023;20230726;Open;Premium;0;0
Jeudi;27/07/2023;20230727;Open;ADSL;2018;0
Jeudi;27/07/2023;20230727;Open;Fibre;1488;0
Jeudi;27/07/2023;20230727;Open;Mobile;553;4709,720944
Jeudi;27/07/2023;20230727;Open;Premium;0;0
Vendredi;28/07/2023;20230728;Open;ADSL;2048;0
Vendredi;28/07/2023;20230728;Open;Fibre;1517;0
Vendredi;28/07/2023;20230728;Open;Mobile;542;4642,599031
Vendredi;28/07/2023;20230728;Open;Premium;0;0
Samedi;29/07/2023;20230729;Open;ADSL;1277;0
Samedi;29/07/2023;20230729;Open;Fibre;933;0
Samedi;29/07/2023;20230729;Open;Mobile;349;2939,380471
Samedi;29/07/2023;20230729;Open;Premium;0;0
Dimanche;30/07/2023;20230730;Open;ADSL;0;0
Dimanche;30/07/2023;20230730;Open;Fibre;0;0
Dimanche;30/07/2023;20230730;Open;Mobile;0;0
Lundi;31/07/2023;20230731;Open;ADSL;2520;0
Lundi;31/07/2023;20230731;Open;Fibre;1793;0
Lundi;31/07/2023;20230731;Open;Mobile;702;5227,119029
Lundi;31/07/2023;20230731;Open;Premium;0;0
Mardi;01/08/2023;20230801;Open;ADSL;1850;0
Mardi;01/08/2023;20230801;Open;Fibre;1508;0
Mardi;01/08/2023;20230801;Open;Mobile;828;5102,169005
Mardi;01/08/2023;20230801;Open;Premium;0;0
Mercredi;02/08/2023;20230802;Open;ADSL;1910;0
Mercredi;02/08/2023;20230802;Open;Fibre;1563;0
Mercredi;02/08/2023;20230802;Open;Mobile;813;5297,014521
Mercredi;02/08/2023;20230802;Open;Premium;0;0
Jeudi;03/08/2023;20230803;Open;ADSL;1721;0
Jeudi;03/08/2023;20230803;Open;Fibre;1421;0
Jeudi;03/08/2023;20230803;Open;Mobile;758;4645,066787
Jeudi;03/08/2023;20230803;Open;Premium;0;0
Vendredi;04/08/2023;20230804;Open;ADSL;1747;0
Vendredi;04/08/2023;20230804;Open;Fibre;1450;0
Vendredi;04/08/2023;20230804;Open;Mobile;744;4578,86631
Vendredi;04/08/2023;20230804;Open;Premium;0;0
Samedi;05/08/2023;20230805;Open;ADSL;1089;0
Samedi;05/08/2023;20230805;Open;Fibre;891;0
Samedi;05/08/2023;20230805;Open;Mobile;479;2899,029212
Samedi;05/08/2023;20230805;Open;Premium;0;0
Dimanche;06/08/2023;20230806;Open;ADSL;0;0
Dimanche;06/08/2023;20230806;Open;Fibre;0;0
Dimanche;06/08/2023;20230806;Open;Mobile;0;0
Lundi;07/08/2023;20230807;Open;ADSL;2161;0
Lundi;07/08/2023;20230807;Open;Fibre;1685;0
Lundi;07/08/2023;20230807;Open;Mobile;957;5155,362129
Lundi;07/08/2023;20230807;Open;Premium;0;0
Mardi;08/08/2023;20230808;Open;ADSL;1861;0
Mardi;08/08/2023;20230808;Open;Fibre;1472;0
Mardi;08/08/2023;20230808;Open;Mobile;840;4985,686669
Mardi;08/08/2023;20230808;Open;Premium;0;0
Mercredi;09/08/2023;20230809;Open;ADSL;1922;0
Mercredi;09/08/2023;20230809;Open;Fibre;1527;0
Mercredi;09/08/2023;20230809;Open;Mobile;825;5153,409371
Mercredi;09/08/2023;20230809;Open;Premium;0;0
Jeudi;10/08/2023;20230810;Open;ADSL;1732;0
Jeudi;10/08/2023;20230810;Open;Fibre;1389;0
Jeudi;10/08/2023;20230810;Open;Mobile;770;4538,053009
Jeudi;10/08/2023;20230810;Open;Premium;0;0
Vendredi;11/08/2023;20230811;Open;ADSL;1756;0
Vendredi;11/08/2023;20230811;Open;Fibre;1415;0
Vendredi;11/08/2023;20230811;Open;Mobile;756;4473,37767
Vendredi;11/08/2023;20230811;Open;Premium;0;0
Samedi;12/08/2023;20230812;Open;ADSL;1095;0
Samedi;12/08/2023;20230812;Open;Fibre;870;0
Samedi;12/08/2023;20230812;Open;Mobile;487;2807,195313
Samedi;12/08/2023;20230812;Open;Premium;0;0
Dimanche;13/08/2023;20230813;Open;ADSL;0;0
Dimanche;13/08/2023;20230813;Open;Fibre;0;0
Dimanche;13/08/2023;20230813;Open;Mobile;0;0
Lundi;14/08/2023;20230814;Open;ADSL;1885;0
Lundi;14/08/2023;20230814;Open;Fibre;1554;0
Lundi;14/08/2023;20230814;Open;Mobile;997;6112,468864
Lundi;14/08/2023;20230814;Open;Premium;0;0
Mardi;15/08/2023;20230815;Open;ADSL;0;0
Mardi;15/08/2023;20230815;Open;Fibre;0;0
Mardi;15/08/2023;20230815;Open;Mobile;0;0
Mercredi;16/08/2023;20230816;Open;ADSL;2228;0
Mercredi;16/08/2023;20230816;Open;Fibre;1903;0
Mercredi;16/08/2023;20230816;Open;Mobile;964;6192,815727
Mercredi;16/08/2023;20230816;Open;Premium;0;0
Jeudi;17/08/2023;20230817;Open;ADSL;1811;0
Jeudi;17/08/2023;20230817;Open;Fibre;1537;0
Jeudi;17/08/2023;20230817;Open;Mobile;843;5488,327007
Jeudi;17/08/2023;20230817;Open;Premium;0;0
Vendredi;18/08/2023;20230818;Open;ADSL;1837;0
Vendredi;18/08/2023;20230818;Open;Fibre;1597;0
Vendredi;18/08/2023;20230818;Open;Mobile;827;5383,199301
Vendredi;18/08/2023;20230818;Open;Premium;0;0
Samedi;19/08/2023;20230819;Open;ADSL;1147;0
Samedi;19/08/2023;20230819;Open;Fibre;944;0
Samedi;19/08/2023;20230819;Open;Mobile;544;3408,278594
Samedi;19/08/2023;20230819;Open;Premium;0;0
Dimanche;20/08/2023;20230820;Open;ADSL;0;0
Dimanche;20/08/2023;20230820;Open;Fibre;0;0
Dimanche;20/08/2023;20230820;Open;Mobile;0;0
Lundi;21/08/2023;20230821;Open;ADSL;2189;0
Lundi;21/08/2023;20230821;Open;Fibre;1701;0
Lundi;21/08/2023;20230821;Open;Mobile;949;4949,988932
Lundi;21/08/2023;20230821;Open;Premium;0;0
Mardi;22/08/2023;20230822;Open;ADSL;1884;0
Mardi;22/08/2023;20230822;Open;Fibre;1488;0
Mardi;22/08/2023;20230822;Open;Mobile;834;4854,64404
Mardi;22/08/2023;20230822;Open;Premium;0;0
Mercredi;23/08/2023;20230823;Open;ADSL;1945;0
Mercredi;23/08/2023;20230823;Open;Fibre;1541;0
Mercredi;23/08/2023;20230823;Open;Mobile;818;5017,362387
Mercredi;23/08/2023;20230823;Open;Premium;0;0
Jeudi;24/08/2023;20230824;Open;ADSL;1752;0
Jeudi;24/08/2023;20230824;Open;Fibre;1401;0
Jeudi;24/08/2023;20230824;Open;Mobile;762;4399,82688
Jeudi;24/08/2023;20230824;Open;Premium;0;0
Vendredi;25/08/2023;20230825;Open;ADSL;1779;0
Vendredi;25/08/2023;20230825;Open;Fibre;1430;0
Vendredi;25/08/2023;20230825;Open;Mobile;750;4315,144709
Vendredi;25/08/2023;20230825;Open;Premium;0;0
Samedi;26/08/2023;20230826;Open;ADSL;1108;0
Samedi;26/08/2023;20230826;Open;Fibre;879;0
Samedi;26/08/2023;20230826;Open;Mobile;482;2732,058487
Samedi;26/08/2023;20230826;Open;Premium;0;0
Dimanche;27/08/2023;20230827;Open;ADSL;0;0
Dimanche;27/08/2023;20230827;Open;Fibre;0;0
Dimanche;27/08/2023;20230827;Open;Mobile;0;0
Lundi;28/08/2023;20230828;Open;ADSL;2426;0
Lundi;28/08/2023;20230828;Open;Fibre;1880;0
Lundi;28/08/2023;20230828;Open;Mobile;1111;5573,154417
Lundi;28/08/2023;20230828;Open;Premium;0;0
Mardi;29/08/2023;20230829;Open;ADSL;2087;0
Mardi;29/08/2023;20230829;Open;Fibre;1643;0
Mardi;29/08/2023;20230829;Open;Mobile;977;5465,806339
Mardi;29/08/2023;20230829;Open;Premium;0;0
Mercredi;30/08/2023;20230830;Open;ADSL;2156;0
Mercredi;30/08/2023;20230830;Open;Fibre;1704;0
Mercredi;30/08/2023;20230830;Open;Mobile;958;5647,847563
Mercredi;30/08/2023;20230830;Open;Premium;0;0
Jeudi;31/08/2023;20230831;Open;ADSL;1942;0
Jeudi;31/08/2023;20230831;Open;Fibre;1549;0
Jeudi;31/08/2023;20230831;Open;Mobile;893;4974,265579
Jeudi;31/08/2023;20230831;Open;Premium;0;0
Vendredi;01/09/2023;20230901;Open;ADSL;1969;0
Vendredi;01/09/2023;20230901;Open;Fibre;1581;0
Vendredi;01/09/2023;20230901;Open;Mobile;878;4837,01724
Vendredi;01/09/2023;20230901;Open;Premium;0;0
Samedi;02/09/2023;20230902;Open;ADSL;1228;0
Samedi;02/09/2023;20230902;Open;Fibre;972;0
Samedi;02/09/2023;20230902;Open;Mobile;566;3035,201844
Samedi;02/09/2023;20230902;Open;Premium;0;0
Dimanche;03/09/2023;20230903;Open;ADSL;0;0
Dimanche;03/09/2023;20230903;Open;Fibre;0;0
Dimanche;03/09/2023;20230903;Open;Mobile;0;0
Lundi;04/09/2023;20230904;Open;ADSL;2605;0
Lundi;04/09/2023;20230904;Open;Fibre;1985;0
Lundi;04/09/2023;20230904;Open;Mobile;1170;5664,904372
Lundi;04/09/2023;20230904;Open;Premium;0;0
Mardi;05/09/2023;20230905;Open;ADSL;2242;0
Mardi;05/09/2023;20230905;Open;Fibre;1735;0
Mardi;05/09/2023;20230905;Open;Mobile;1028;5490,230214
Mardi;05/09/2023;20230905;Open;Premium;0;0
Mercredi;06/09/2023;20230906;Open;ADSL;2316;0
Mercredi;06/09/2023;20230906;Open;Fibre;1798;0
Mercredi;06/09/2023;20230906;Open;Mobile;1009;5699,895307
Mercredi;06/09/2023;20230906;Open;Premium;0;0
Jeudi;07/09/2023;20230907;Open;ADSL;2087;0
Jeudi;07/09/2023;20230907;Open;Fibre;1636;0
Jeudi;07/09/2023;20230907;Open;Mobile;940;5022,685543
Jeudi;07/09/2023;20230907;Open;Premium;0;0
Vendredi;08/09/2023;20230908;Open;ADSL;2117;0
Vendredi;08/09/2023;20230908;Open;Fibre;1668;0
Vendredi;08/09/2023;20230908;Open;Mobile;924;4927,820452
Vendredi;08/09/2023;20230908;Open;Premium;0;0
Samedi;09/09/2023;20230909;Open;ADSL;1320;0
Samedi;09/09/2023;20230909;Open;Fibre;1025;0
Samedi;09/09/2023;20230909;Open;Mobile;595;3119,963431
Samedi;09/09/2023;20230909;Open;Premium;0;0
Dimanche;10/09/2023;20230910;Open;ADSL;0;0
Dimanche;10/09/2023;20230910;Open;Fibre;0;0
Dimanche;10/09/2023;20230910;Open;Mobile;0;0
Lundi;11/09/2023;20230911;Open;ADSL;2541;0
Lundi;11/09/2023;20230911;Open;Fibre;1983;0
Lundi;11/09/2023;20230911;Open;Mobile;1218;5789,422169
Lundi;11/09/2023;20230911;Open;Premium;0;0
Mardi;12/09/2023;20230912;Open;ADSL;2188;0
Mardi;12/09/2023;20230912;Open;Fibre;1733;0
Mardi;12/09/2023;20230912;Open;Mobile;1070;5667,624682
Mardi;12/09/2023;20230912;Open;Premium;0;0
Mercredi;13/09/2023;20230913;Open;ADSL;2259;0
Mercredi;13/09/2023;20230913;Open;Fibre;1797;0
Mercredi;13/09/2023;20230913;Open;Mobile;1050;5884,064249
Mercredi;13/09/2023;20230913;Open;Premium;0;0
Jeudi;14/09/2023;20230914;Open;ADSL;2037;0
Jeudi;14/09/2023;20230914;Open;Fibre;1633;0
Jeudi;14/09/2023;20230914;Open;Mobile;979;5206,917602
Jeudi;14/09/2023;20230914;Open;Premium;0;0
Vendredi;15/09/2023;20230915;Open;ADSL;2066;0
Vendredi;15/09/2023;20230915;Open;Fibre;1666;0
Vendredi;15/09/2023;20230915;Open;Mobile;962;5132,70975
Vendredi;15/09/2023;20230915;Open;Premium;0;0
Samedi;16/09/2023;20230916;Open;ADSL;1288;0
Samedi;16/09/2023;20230916;Open;Fibre;1025;0
Samedi;16/09/2023;20230916;Open;Mobile;621;3234,944365
Samedi;16/09/2023;20230916;Open;Premium;0;0
Dimanche;17/09/2023;20230917;Open;ADSL;0;0
Dimanche;17/09/2023;20230917;Open;Fibre;0;0
Dimanche;17/09/2023;20230917;Open;Mobile;0;0
Lundi;18/09/2023;20230918;Open;ADSL;2513;0
Lundi;18/09/2023;20230918;Open;Fibre;1904;0
Lundi;18/09/2023;20230918;Open;Mobile;1142;5752,722187
Lundi;18/09/2023;20230918;Open;Premium;0;0
Mardi;19/09/2023;20230919;Open;ADSL;2163;0
Mardi;19/09/2023;20230919;Open;Fibre;1665;0
Mardi;19/09/2023;20230919;Open;Mobile;1004;5594,353054
Mardi;19/09/2023;20230919;Open;Premium;0;0
Mercredi;20/09/2023;20230920;Open;ADSL;2233;0
Mercredi;20/09/2023;20230920;Open;Fibre;1725;0
Mercredi;20/09/2023;20230920;Open;Mobile;986;5822,674602
Mercredi;20/09/2023;20230920;Open;Premium;0;0
Jeudi;21/09/2023;20230921;Open;ADSL;2013;0
Jeudi;21/09/2023;20230921;Open;Fibre;1569;0
Jeudi;21/09/2023;20230921;Open;Mobile;919;5131,335219
Jeudi;21/09/2023;20230921;Open;Premium;0;0
Vendredi;22/09/2023;20230922;Open;ADSL;2042;0
Vendredi;22/09/2023;20230922;Open;Fibre;1600;0
Vendredi;22/09/2023;20230922;Open;Mobile;903;5011,638801
Vendredi;22/09/2023;20230922;Open;Premium;0;0
Samedi;23/09/2023;20230923;Open;ADSL;1272;0
Samedi;23/09/2023;20230923;Open;Fibre;984;0
Samedi;23/09/2023;20230923;Open;Mobile;582;3173,031554
Samedi;23/09/2023;20230923;Open;Premium;0;0
Dimanche;24/09/2023;20230924;Open;ADSL;0;0
Dimanche;24/09/2023;20230924;Open;Fibre;0;0
Dimanche;24/09/2023;20230924;Open;Mobile;0;0
Lundi;25/09/2023;20230925;Open;ADSL;2524;0
Lundi;25/09/2023;20230925;Open;Fibre;1895;0
Lundi;25/09/2023;20230925;Open;Mobile;1215;5883,793551
Lundi;25/09/2023;20230925;Open;Premium;0;0
Mardi;26/09/2023;20230926;Open;ADSL;2173;0
Mardi;26/09/2023;20230926;Open;Fibre;1656;0
Mardi;26/09/2023;20230926;Open;Mobile;1069;5770,462054
Mardi;26/09/2023;20230926;Open;Premium;0;0
Mercredi;27/09/2023;20230927;Open;ADSL;2244;0
Mercredi;27/09/2023;20230927;Open;Fibre;1717;0
Mercredi;27/09/2023;20230927;Open;Mobile;1048;5966,806818
Mercredi;27/09/2023;20230927;Open;Premium;0;0
Jeudi;28/09/2023;20230928;Open;ADSL;2022;0
Jeudi;28/09/2023;20230928;Open;Fibre;1561;0
Jeudi;28/09/2023;20230928;Open;Mobile;977;5196,288829
Jeudi;28/09/2023;20230928;Open;Premium;0;0
Vendredi;29/09/2023;20230929;Open;ADSL;2051;0
Vendredi;29/09/2023;20230929;Open;Fibre;1591;0
Vendredi;29/09/2023;20230929;Open;Mobile;961;5122,232456
Vendredi;29/09/2023;20230929;Open;Premium;0;0
Samedi;30/09/2023;20230930;Open;ADSL;1280;0
Samedi;30/09/2023;20230930;Open;Fibre;979;0
Samedi;30/09/2023;20230930;Open;Mobile;619;3243,051995
Samedi;30/09/2023;20230930;Open;Premium;0;0
Dimanche;01/10/2023;20231001;Open;ADSL;0;0
Dimanche;01/10/2023;20231001;Open;Fibre;0;0
Dimanche;01/10/2023;20231001;Open;Mobile;0;0
Lundi;02/10/2023;20231002;Open;ADSL;2849;0
Lundi;02/10/2023;20231002;Open;Fibre;2120;0
Lundi;02/10/2023;20231002;Open;Mobile;1295;5767,140037
Lundi;02/10/2023;20231002;Open;Premium;0;0
Mardi;03/10/2023;20231003;Open;ADSL;2450;0
Mardi;03/10/2023;20231003;Open;Fibre;1852;0
Mardi;03/10/2023;20231003;Open;Mobile;1137;5645,77174
Mardi;03/10/2023;20231003;Open;Premium;0;0
Mercredi;04/10/2023;20231004;Open;ADSL;2529;0
Mercredi;04/10/2023;20231004;Open;Fibre;1920;0
Mercredi;04/10/2023;20231004;Open;Mobile;1164;5810,663584
Mercredi;04/10/2023;20231004;Open;Premium;0;0
Jeudi;05/10/2023;20231005;Open;ADSL;2278;0
Jeudi;05/10/2023;20231005;Open;Fibre;1744;0
Jeudi;05/10/2023;20231005;Open;Mobile;1076;5073,467457
Jeudi;05/10/2023;20231005;Open;Premium;0;0
Vendredi;06/10/2023;20231006;Open;ADSL;2308;0
Vendredi;06/10/2023;20231006;Open;Fibre;1779;0
Vendredi;06/10/2023;20231006;Open;Mobile;1103;5001,161507
Vendredi;06/10/2023;20231006;Open;Premium;0;0
Samedi;07/10/2023;20231007;Open;ADSL;1439;0
Samedi;07/10/2023;20231007;Open;Fibre;1094;0
Samedi;07/10/2023;20231007;Open;Mobile;659;3139,863977
Samedi;07/10/2023;20231007;Open;Premium;0;0
Dimanche;08/10/2023;20231008;Open;ADSL;0;0
Dimanche;08/10/2023;20231008;Open;Fibre;0;0
Dimanche;08/10/2023;20231008;Open;Mobile;0;0
Lundi;09/10/2023;20231009;Open;ADSL;2743;0
Lundi;09/10/2023;20231009;Open;Fibre;1981;0
Lundi;09/10/2023;20231009;Open;Mobile;1217;5623,099506
Lundi;09/10/2023;20231009;Open;Premium;0;0
Mardi;10/10/2023;20231010;Open;ADSL;2359;0
Mardi;10/10/2023;20231010;Open;Fibre;1731;0
Mardi;10/10/2023;20231010;Open;Mobile;1068;5489,891934
Mardi;10/10/2023;20231010;Open;Premium;0;0
Mercredi;11/10/2023;20231011;Open;ADSL;2434;0
Mercredi;11/10/2023;20231011;Open;Fibre;1796;0
Mercredi;11/10/2023;20231011;Open;Mobile;1094;5651,724804
Mercredi;11/10/2023;20231011;Open;Premium;0;0
Jeudi;12/10/2023;20231012;Open;ADSL;2193;0
Jeudi;12/10/2023;20231012;Open;Fibre;1631;0
Jeudi;12/10/2023;20231012;Open;Mobile;1012;5001,316116
Jeudi;12/10/2023;20231012;Open;Premium;0;0
Vendredi;13/10/2023;20231013;Open;ADSL;2221;0
Vendredi;13/10/2023;20231013;Open;Fibre;1664;0
Vendredi;13/10/2023;20231013;Open;Mobile;1037;4907,490826
Vendredi;13/10/2023;20231013;Open;Premium;0;0
Samedi;14/10/2023;20231014;Open;ADSL;1386;0
Samedi;14/10/2023;20231014;Open;Fibre;1023;0
Samedi;14/10/2023;20231014;Open;Mobile;618;3107,092083
Samedi;14/10/2023;20231014;Open;Premium;0;0
Dimanche;15/10/2023;20231015;Open;ADSL;0;0
Dimanche;15/10/2023;20231015;Open;Fibre;0;0
Dimanche;15/10/2023;20231015;Open;Mobile;0;0
Lundi;16/10/2023;20231016;Open;ADSL;2592;0
Lundi;16/10/2023;20231016;Open;Fibre;1906;0
Lundi;16/10/2023;20231016;Open;Mobile;1151;5715,760062
Lundi;16/10/2023;20231016;Open;Premium;0;0
Mardi;17/10/2023;20231017;Open;ADSL;2229;0
Mardi;17/10/2023;20231017;Open;Fibre;1665;0
Mardi;17/10/2023;20231017;Open;Mobile;1011;5595,706177
Mardi;17/10/2023;20231017;Open;Premium;0;0
Mercredi;18/10/2023;20231018;Open;ADSL;2299;0
Mercredi;18/10/2023;20231018;Open;Fibre;1727;0
Mercredi;18/10/2023;20231018;Open;Mobile;1035;5760,287548
Mercredi;18/10/2023;20231018;Open;Premium;0;0
Jeudi;19/10/2023;20231019;Open;ADSL;2072;0
Jeudi;19/10/2023;20231019;Open;Fibre;1569;0
Jeudi;19/10/2023;20231019;Open;Mobile;957;5097,385303
Jeudi;19/10/2023;20231019;Open;Premium;0;0
Vendredi;20/10/2023;20231020;Open;ADSL;2099;0
Vendredi;20/10/2023;20231020;Open;Fibre;1599;0
Vendredi;20/10/2023;20231020;Open;Mobile;981;5024,738482
Vendredi;20/10/2023;20231020;Open;Premium;0;0
Samedi;21/10/2023;20231021;Open;ADSL;1309;0
Samedi;21/10/2023;20231021;Open;Fibre;983;0
Samedi;21/10/2023;20231021;Open;Mobile;585;3139,926045
Samedi;21/10/2023;20231021;Open;Premium;0;0
Dimanche;22/10/2023;20231022;Open;ADSL;0;0
Dimanche;22/10/2023;20231022;Open;Fibre;0;0
Dimanche;22/10/2023;20231022;Open;Mobile;0;0
Lundi;23/10/2023;20231023;Open;ADSL;2622;0
Lundi;23/10/2023;20231023;Open;Fibre;1986;0
Lundi;23/10/2023;20231023;Open;Mobile;1222;5756,378388
Lundi;23/10/2023;20231023;Open;Premium;0;0
Mardi;24/10/2023;20231024;Open;ADSL;2256;0
Mardi;24/10/2023;20231024;Open;Fibre;1735;0
Mardi;24/10/2023;20231024;Open;Mobile;1072;5585,74719
Mardi;24/10/2023;20231024;Open;Premium;0;0
Mercredi;25/10/2023;20231025;Open;ADSL;2328;0
Mercredi;25/10/2023;20231025;Open;Fibre;1799;0
Mercredi;25/10/2023;20231025;Open;Mobile;1098;5726,684794
Mercredi;25/10/2023;20231025;Open;Premium;0;0
Jeudi;26/10/2023;20231026;Open;ADSL;2095;0
Jeudi;26/10/2023;20231026;Open;Fibre;1634;0
Jeudi;26/10/2023;20231026;Open;Mobile;1014;5067,649602
Jeudi;26/10/2023;20231026;Open;Premium;0;0
Vendredi;27/10/2023;20231027;Open;ADSL;2124;0
Vendredi;27/10/2023;20231027;Open;Fibre;1666;0
Vendredi;27/10/2023;20231027;Open;Mobile;1040;4995,426568
Vendredi;27/10/2023;20231027;Open;Premium;0;0
Samedi;28/10/2023;20231028;Open;ADSL;1325;0
Samedi;28/10/2023;20231028;Open;Fibre;1024;0
Samedi;28/10/2023;20231028;Open;Mobile;622;3162,767062
Samedi;28/10/2023;20231028;Open;Premium;0;0
Dimanche;29/10/2023;20231029;Open;ADSL;0;0
Dimanche;29/10/2023;20231029;Open;Fibre;0;0
Dimanche;29/10/2023;20231029;Open;Mobile;0;0
Lundi;30/10/2023;20231030;Open;ADSL;2675;0
Lundi;30/10/2023;20231030;Open;Fibre;2115;0
Lundi;30/10/2023;20231030;Open;Mobile;1205;6770,383777
Lundi;30/10/2023;20231030;Open;Premium;0;0
Mardi;31/10/2023;20231031;Open;ADSL;2203;0
Mardi;31/10/2023;20231031;Open;Fibre;1752;0
Mardi;31/10/2023;20231031;Open;Mobile;1023;6822,795448
Mardi;31/10/2023;20231031;Open;Premium;0;0
Mercredi;01/11/2023;20231101;Open;ADSL;0;0
Mercredi;01/11/2023;20231101;Open;Fibre;0;0
Mercredi;01/11/2023;20231101;Open;Mobile;0;0
Jeudi;02/11/2023;20231102;Open;ADSL;2687;0
Jeudi;02/11/2023;20231102;Open;Fibre;1820;0
Jeudi;02/11/2023;20231102;Open;Mobile;1376;6064,433466
Jeudi;02/11/2023;20231102;Open;Premium;0;0
Vendredi;03/11/2023;20231103;Open;ADSL;2444;0
Vendredi;03/11/2023;20231103;Open;Fibre;1663;0
Vendredi;03/11/2023;20231103;Open;Mobile;1133;5828,72401
Vendredi;03/11/2023;20231103;Open;Premium;0;0
Samedi;04/11/2023;20231104;Open;ADSL;1349;0
Samedi;04/11/2023;20231104;Open;Fibre;993;0
Samedi;04/11/2023;20231104;Open;Mobile;631;3674,8888
Samedi;04/11/2023;20231104;Open;Premium;0;0
Dimanche;05/11/2023;20231105;Open;ADSL;0;0
Dimanche;05/11/2023;20231105;Open;Fibre;0;0
Dimanche;05/11/2023;20231105;Open;Mobile;0;0
Lundi;06/11/2023;20231106;Open;ADSL;2426;0
Lundi;06/11/2023;20231106;Open;Fibre;1561;0
Lundi;06/11/2023;20231106;Open;Mobile;1099;5926,7233
Lundi;06/11/2023;20231106;Open;Premium;0;0
Mardi;07/11/2023;20231107;Open;ADSL;1952;0
Mardi;07/11/2023;20231107;Open;Fibre;1387;0
Mardi;07/11/2023;20231107;Open;Mobile;1085;5812,564906
Mardi;07/11/2023;20231107;Open;Premium;0;0
Mercredi;08/11/2023;20231108;Open;ADSL;2020;0
Mercredi;08/11/2023;20231108;Open;Fibre;1456;0
Mercredi;08/11/2023;20231108;Open;Mobile;1000;6023,278466
Mercredi;08/11/2023;20231108;Open;Premium;0;0
Jeudi;09/11/2023;20231109;Open;ADSL;1858;0
Jeudi;09/11/2023;20231109;Open;Fibre;1259;0
Jeudi;09/11/2023;20231109;Open;Mobile;966;5280,285083
Jeudi;09/11/2023;20231109;Open;Premium;0;0
Vendredi;10/11/2023;20231110;Open;ADSL;1826;0
Vendredi;10/11/2023;20231110;Open;Fibre;1210;0
Vendredi;10/11/2023;20231110;Open;Mobile;965;5205,031613
Vendredi;10/11/2023;20231110;Open;Premium;0;0
Samedi;11/11/2023;20231111;Open;ADSL;0;0
Samedi;11/11/2023;20231111;Open;Fibre;0;0
Samedi;11/11/2023;20231111;Open;Mobile;0;0
Dimanche;12/11/2023;20231112;Open;ADSL;0;0
Dimanche;12/11/2023;20231112;Open;Fibre;0;0
Dimanche;12/11/2023;20231112;Open;Mobile;0;0
Lundi;13/11/2023;20231113;Open;ADSL;2556;0
Lundi;13/11/2023;20231113;Open;Fibre;1725;0
Lundi;13/11/2023;20231113;Open;Mobile;1509;5254,337164
Lundi;13/11/2023;20231113;Open;Premium;0;0
Mardi;14/11/2023;20231114;Open;ADSL;2038;0
Mardi;14/11/2023;20231114;Open;Fibre;1396;0
Mardi;14/11/2023;20231114;Open;Mobile;1003;5153,130027
Mardi;14/11/2023;20231114;Open;Premium;0;0
Mercredi;15/11/2023;20231115;Open;ADSL;2104;0
Mercredi;15/11/2023;20231115;Open;Fibre;1447;0
Mercredi;15/11/2023;20231115;Open;Mobile;938;5327,247184
Mercredi;15/11/2023;20231115;Open;Premium;0;0
Jeudi;16/11/2023;20231116;Open;ADSL;1897;0
Jeudi;16/11/2023;20231116;Open;Fibre;1316;0
Jeudi;16/11/2023;20231116;Open;Mobile;871;4714,179852
Jeudi;16/11/2023;20231116;Open;Premium;0;0
Vendredi;17/11/2023;20231117;Open;ADSL;1924;0
Vendredi;17/11/2023;20231117;Open;Fibre;1344;0
Vendredi;17/11/2023;20231117;Open;Mobile;895;4646,994391
Vendredi;17/11/2023;20231117;Open;Premium;0;0
Samedi;18/11/2023;20231118;Open;ADSL;1202;0
Samedi;18/11/2023;20231118;Open;Fibre;826;0
Samedi;18/11/2023;20231118;Open;Mobile;506;2942,163316
Samedi;18/11/2023;20231118;Open;Premium;0;0
Dimanche;19/11/2023;20231119;Open;ADSL;0;0
Dimanche;19/11/2023;20231119;Open;Fibre;0;0
Dimanche;19/11/2023;20231119;Open;Mobile;0;0
Lundi;20/11/2023;20231120;Open;ADSL;2252;0
Lundi;20/11/2023;20231120;Open;Fibre;1530;0
Lundi;20/11/2023;20231120;Open;Mobile;957;5232,067781
Lundi;20/11/2023;20231120;Open;Premium;0;0
Mardi;21/11/2023;20231121;Open;ADSL;2018;0
Mardi;21/11/2023;20231121;Open;Fibre;1424;0
Mardi;21/11/2023;20231121;Open;Mobile;968;5119,156013
Mardi;21/11/2023;20231121;Open;Premium;0;0
Mercredi;22/11/2023;20231122;Open;ADSL;2035;0
Mercredi;22/11/2023;20231122;Open;Fibre;1369;0
Mercredi;22/11/2023;20231122;Open;Mobile;983;5291,975744
Mercredi;22/11/2023;20231122;Open;Premium;0;0
Jeudi;23/11/2023;20231123;Open;ADSL;1853;0
Jeudi;23/11/2023;20231123;Open;Fibre;1273;0
Jeudi;23/11/2023;20231123;Open;Mobile;920;4640,60788
Jeudi;23/11/2023;20231123;Open;Premium;0;0
Vendredi;24/11/2023;20231124;Open;ADSL;1908;0
Vendredi;24/11/2023;20231124;Open;Fibre;1329;0
Vendredi;24/11/2023;20231124;Open;Mobile;891;4554,69183
Vendredi;24/11/2023;20231124;Open;Premium;0;0
Samedi;25/11/2023;20231125;Open;ADSL;1071;0
Samedi;25/11/2023;20231125;Open;Fibre;745;0
Samedi;25/11/2023;20231125;Open;Mobile;611;2883,723562
Samedi;25/11/2023;20231125;Open;Premium;0;0
Dimanche;26/11/2023;20231126;Open;ADSL;0;0
Dimanche;26/11/2023;20231126;Open;Fibre;0;0
Dimanche;26/11/2023;20231126;Open;Mobile;0;0
Lundi;27/11/2023;20231127;Open;ADSL;2250;0
Lundi;27/11/2023;20231127;Open;Fibre;1733;0
Lundi;27/11/2023;20231127;Open;Mobile;1067;5128,143994
Lundi;27/11/2023;20231127;Open;Premium;0;0
Mardi;28/11/2023;20231128;Open;ADSL;1944;0
Mardi;28/11/2023;20231128;Open;Fibre;1409;0
Mardi;28/11/2023;20231128;Open;Mobile;1060;5029,367545
Mardi;28/11/2023;20231128;Open;Premium;0;0
Mercredi;29/11/2023;20231129;Open;ADSL;1922;0
Mercredi;29/11/2023;20231129;Open;Fibre;1462;0
Mercredi;29/11/2023;20231129;Open;Mobile;1034;5221,432863
Mercredi;29/11/2023;20231129;Open;Premium;0;0
Jeudi;30/11/2023;20231130;Open;ADSL;1913;0
Jeudi;30/11/2023;20231130;Open;Fibre;1344;0
Jeudi;30/11/2023;20231130;Open;Mobile;985;4620,542796
Jeudi;30/11/2023;20231130;Open;Premium;0;0
Vendredi;01/12/2023;20231201;Open;Mobile;928;4515,13359
Samedi;02/12/2023;20231202;Open;Mobile;777;2807,195313
Dimanche;03/12/2023;20231203;Open;Mobile;0;0
Lundi;04/12/2023;20231204;Open;Mobile;1073;5027,931772
Mardi;05/12/2023;20231205;Open;Mobile;1092;4931,085574
Mercredi;06/12/2023;20231206;Open;Mobile;1120;5002,246055
Jeudi;07/12/2023;20231207;Open;Mobile;1065;4426,580324
Vendredi;08/12/2023;20231208;Open;Mobile;997;4363,493669
Samedi;09/12/2023;20231209;Open;Mobile;669;2762,669787
Dimanche;10/12/2023;20231210;Open;Mobile;0;0
Lundi;11/12/2023;20231211;Open;Mobile;1071;4912,873293
Mardi;12/12/2023;20231212;Open;Mobile;1239;4796,402872
Mercredi;13/12/2023;20231213;Open;Mobile;1249;4956,897061
Jeudi;14/12/2023;20231214;Open;Mobile;1027;4386,450158
Vendredi;15/12/2023;20231215;Open;Mobile;841;4323,935429
Samedi;16/12/2023;20231216;Open;Mobile;576;2737,624178
Dimanche;17/12/2023;20231217;Open;Mobile;0;0
Lundi;18/12/2023;20231218;Open;Mobile;998;4878,232031
Mardi;19/12/2023;20231219;Open;Mobile;1179;4735,734989
Mercredi;20/12/2023;20231220;Open;Mobile;1247;4893,912346
Jeudi;21/12/2023;20231221;Open;Mobile;765;4330,713815
Vendredi;22/12/2023;20231222;Open;Mobile;851;4268,993428
Samedi;23/12/2023;20231223;Open;Mobile;553;2702,83861
Dimanche;24/12/2023;20231224;Open;Mobile;0;0
Lundi;25/12/2023;20231225;Open;Mobile;0;0
Mardi;26/12/2023;20231226;Open;Mobile;1048;5791,205477
Mercredi;27/12/2023;20231227;Open;Mobile;1011;5985,256672
Jeudi;28/12/2023;20231228;Open;Mobile;1046;5271,560406
Vendredi;29/12/2023;20231229;Open;Mobile;1109;5174,80508
Samedi;30/12/2023;20231230;Open;Mobile;691;3262,903786
Dimanche;31/12/2023;20231231;Open;Mobile;0;0
Vendredi;01/12/2023;20231201;Open;ADSL;2043;0
Samedi;02/12/2023;20231202;Open;ADSL;1112;0
Dimanche;03/12/2023;20231203;Open;ADSL;0;0
Lundi;04/12/2023;20231204;Open;ADSL;2268;0
Mardi;05/12/2023;20231205;Open;ADSL;1994;0
Mercredi;06/12/2023;20231206;Open;ADSL;2025;0
Jeudi;07/12/2023;20231207;Open;ADSL;1965;0
Vendredi;08/12/2023;20231208;Open;ADSL;1996;0
Samedi;09/12/2023;20231209;Open;ADSL;1093;0
Dimanche;10/12/2023;20231210;Open;ADSL;0;0
Lundi;11/12/2023;20231211;Open;ADSL;2223;0
Mardi;12/12/2023;20231212;Open;ADSL;2059;0
Mercredi;13/12/2023;20231213;Open;ADSL;2017;0
Jeudi;14/12/2023;20231214;Open;ADSL;1903;0
Vendredi;15/12/2023;20231215;Open;ADSL;1889;0
Samedi;16/12/2023;20231216;Open;ADSL;1033;0
Dimanche;17/12/2023;20231217;Open;ADSL;0;0
Lundi;18/12/2023;20231218;Open;ADSL;2012;0
Mardi;19/12/2023;20231219;Open;ADSL;1842;0
Mercredi;20/12/2023;20231220;Open;ADSL;1928;0
Jeudi;21/12/2023;20231221;Open;ADSL;1698;0
Vendredi;22/12/2023;20231222;Open;ADSL;1735;0
Samedi;23/12/2023;20231223;Open;ADSL;848;0
Dimanche;24/12/2023;20231224;Open;ADSL;0;0
Lundi;25/12/2023;20231225;Open;ADSL;0;0
Mardi;26/12/2023;20231226;Open;ADSL;2097;0
Mercredi;27/12/2023;20231227;Open;ADSL;1890;0
Jeudi;28/12/2023;20231228;Open;ADSL;1731;0
Vendredi;29/12/2023;20231229;Open;ADSL;1687;0
Samedi;30/12/2023;20231230;Open;ADSL;788;0
Dimanche;31/12/2023;20231231;Open;ADSL;0;0
Vendredi;01/12/2023;20231201;Open;Fibre;1313;0
Samedi;02/12/2023;20231202;Open;Fibre;723;0
Dimanche;03/12/2023;20231203;Open;Fibre;0;0
Lundi;04/12/2023;20231204;Open;Fibre;1416;0
Mardi;05/12/2023;20231205;Open;Fibre;1328;0
Mercredi;06/12/2023;20231206;Open;Fibre;1374;0
Jeudi;07/12/2023;20231207;Open;Fibre;1263;0
Vendredi;08/12/2023;20231208;Open;Fibre;1258;0
Samedi;09/12/2023;20231209;Open;Fibre;728;0
Dimanche;10/12/2023;20231210;Open;Fibre;0;0
Lundi;11/12/2023;20231211;Open;Fibre;1448;0
Mardi;12/12/2023;20231212;Open;Fibre;1310;0
Mercredi;13/12/2023;20231213;Open;Fibre;1285;0
Jeudi;14/12/2023;20231214;Open;Fibre;1194;0
Vendredi;15/12/2023;20231215;Open;Fibre;1287;0
Samedi;16/12/2023;20231216;Open;Fibre;715;0
Dimanche;17/12/2023;20231217;Open;Fibre;0;0
Lundi;18/12/2023;20231218;Open;Fibre;1359;0
Mardi;19/12/2023;20231219;Open;Fibre;1202;0
Mercredi;20/12/2023;20231220;Open;Fibre;1240;0
Jeudi;21/12/2023;20231221;Open;Fibre;1031;0
Vendredi;22/12/2023;20231222;Open;Fibre;1143;0
Samedi;23/12/2023;20231223;Open;Fibre;655;0
Dimanche;24/12/2023;20231224;Open;Fibre;0;0
Lundi;25/12/2023;20231225;Open;Fibre;0;0
Mardi;26/12/2023;20231226;Open;Fibre;1410;0
Mercredi;27/12/2023;20231227;Open;Fibre;1245;0
Jeudi;28/12/2023;20231228;Open;Fibre;1048;0
Vendredi;29/12/2023;20231229;Open;Fibre;1116;0
Samedi;30/12/2023;20231230;Open;Fibre;660;0
Dimanche;31/12/2023;20231231;Open;Fibre;0;0
Lundi;01/01/2024;20240101;Open;Fibre;0;0
Mardi;02/01/2024;20240102;Open;Fibre;1435;0
Mercredi;03/01/2024;20240103;Open;Fibre;1400;0
Jeudi;04/01/2024;20240104;Open;Fibre;1306;0
Vendredi;05/01/2024;20240105;Open;Fibre;1291;0
Samedi;06/01/2024;20240106;Open;Fibre;740;0
Dimanche;07/01/2024;20240107;Open;Fibre;0;0
Lundi;08/01/2024;20240108;Open;Fibre;1567;0
Mardi;09/01/2024;20240109;Open;Fibre;1314;0
Mercredi;10/01/2024;20240110;Open;Fibre;1392;0
Jeudi;11/01/2024;20240111;Open;Fibre;1307;0
Vendredi;12/01/2024;20240112;Open;Fibre;1243;0
Samedi;13/01/2024;20240113;Open;Fibre;751;0
Dimanche;14/01/2024;20240114;Open;Fibre;0;0
Lundi;15/01/2024;20240115;Open;Fibre;1570;0
Mardi;16/01/2024;20240116;Open;Fibre;1296;0
Mercredi;17/01/2024;20240117;Open;Fibre;1434;0
Jeudi;18/01/2024;20240118;Open;Fibre;1291;0
Vendredi;19/01/2024;20240119;Open;Fibre;1246;0
Samedi;20/01/2024;20240120;Open;Fibre;752;0
Dimanche;21/01/2024;20240121;Open;Fibre;0;0
Lundi;22/01/2024;20240122;Open;Fibre;1538;0
Mardi;23/01/2024;20240123;Open;Fibre;1246;0
Mercredi;24/01/2024;20240124;Open;Fibre;1368;0
Jeudi;25/01/2024;20240125;Open;Fibre;1287;0
Vendredi;26/01/2024;20240126;Open;Fibre;1186;0
Samedi;27/01/2024;20240127;Open;Fibre;728;0
Dimanche;28/01/2024;20240128;Open;Fibre;0;0
Lundi;29/01/2024;20240129;Open;Fibre;1559;0
Mardi;30/01/2024;20240130;Open;Fibre;1211;0
Mercredi;31/01/2024;20240131;Open;Fibre;1384;0
Lundi;01/01/2024;20240101;Open;ADSL;0;0
Mardi;02/01/2024;20240102;Open;ADSL;2357;0
Mercredi;03/01/2024;20240103;Open;ADSL;2298;0
Jeudi;04/01/2024;20240104;Open;ADSL;2144;0
Vendredi;05/01/2024;20240105;Open;ADSL;2120;0
Samedi;06/01/2024;20240106;Open;ADSL;1214;0
Dimanche;07/01/2024;20240107;Open;ADSL;0;0
Lundi;08/01/2024;20240108;Open;ADSL;2356;0
Mardi;09/01/2024;20240109;Open;ADSL;2074;0
Mercredi;10/01/2024;20240110;Open;ADSL;2123;0
Jeudi;11/01/2024;20240111;Open;ADSL;1994;0
Vendredi;12/01/2024;20240112;Open;ADSL;1989;0
Samedi;13/01/2024;20240113;Open;ADSL;1122;0
Dimanche;14/01/2024;20240114;Open;ADSL;0;0
Lundi;15/01/2024;20240115;Open;ADSL;2493;0
Mardi;16/01/2024;20240116;Open;ADSL;2184;0
Mercredi;17/01/2024;20240117;Open;ADSL;2290;0
Jeudi;18/01/2024;20240118;Open;ADSL;2131;0
Vendredi;19/01/2024;20240119;Open;ADSL;2089;0
Samedi;20/01/2024;20240120;Open;ADSL;1151;0
Dimanche;21/01/2024;20240121;Open;ADSL;0;0
Lundi;22/01/2024;20240122;Open;ADSL;2427;0
Mardi;23/01/2024;20240123;Open;ADSL;2142;0
Mercredi;24/01/2024;20240124;Open;ADSL;2191;0
Jeudi;25/01/2024;20240125;Open;ADSL;2084;0
Vendredi;26/01/2024;20240126;Open;ADSL;2009;0
Samedi;27/01/2024;20240127;Open;ADSL;1153;0
Dimanche;28/01/2024;20240128;Open;ADSL;0;0
Lundi;29/01/2024;20240129;Open;ADSL;2427;0
Mardi;30/01/2024;20240130;Open;ADSL;2121;0
Mercredi;31/01/2024;20240131;Open;ADSL;2230;0
Lundi;01/01/2024;20240101;Open;Mobile;0;0
Mardi;02/01/2024;20240102;Open;Mobile;1393;4724,81477
Mercredi;03/01/2024;20240103;Open;Mobile;1350;4905,249594
Jeudi;04/01/2024;20240104;Open;Mobile;1090;4340,746357
Vendredi;05/01/2024;20240105;Open;Mobile;1184;4257,266071
Samedi;06/01/2024;20240106;Open;Mobile;713;2681,922321
Dimanche;07/01/2024;20240107;Open;Mobile;0;0
Lundi;08/01/2024;20240108;Open;Mobile;1241;5007,080972
Mardi;09/01/2024;20240109;Open;Mobile;1176;4907,681738
Mercredi;10/01/2024;20240110;Open;Mobile;1213;5076,355415
Jeudi;11/01/2024;20240111;Open;Mobile;1041;4475,000774
Vendredi;12/01/2024;20240112;Open;Mobile;982;4396,310066
Samedi;13/01/2024;20240113;Open;Mobile;583;2774,174523
Dimanche;14/01/2024;20240114;Open;Mobile;0;0
Lundi;15/01/2024;20240115;Open;Mobile;1319;4922,927714
Mardi;16/01/2024;20240116;Open;Mobile;1198;4810,056613
Mercredi;17/01/2024;20240117;Open;Mobile;1240;4975,370954
Jeudi;18/01/2024;20240118;Open;Mobile;1129;4385,97911
Vendredi;19/01/2024;20240119;Open;Mobile;1110;4308,853805
Samedi;20/01/2024;20240120;Open;Mobile;638;2719,649129
Dimanche;21/01/2024;20240121;Open;Mobile;0;0
Lundi;22/01/2024;20240122;Open;Mobile;1310;4826,169357
Mardi;23/01/2024;20240123;Open;Mobile;1154;4724,363065
Mercredi;24/01/2024;20240124;Open;Mobile;1220;4895,773342
Jeudi;25/01/2024;20240125;Open;Mobile;1126;4324,100995
Vendredi;26/01/2024;20240126;Open;Mobile;1146;4258,388424
Samedi;27/01/2024;20240127;Open;Mobile;634;2691,641107
Dimanche;28/01/2024;20240128;Open;Mobile;0;0
Lundi;29/01/2024;20240129;Open;Mobile;1307;5036,272204
Mardi;30/01/2024;20240130;Open;Mobile;1152;4930,567989
Mercredi;31/01/2024;20240131;Open;Mobile;1202;5109,460853
Jeudi;01/02/2024;20240201;Open;ADSL;1758;0
Vendredi;02/02/2024;20240202;Open;ADSL;1706;0
Samedi;03/02/2024;20240203;Open;ADSL;925;0
Dimanche;04/02/2024;20240204;Open;ADSL;0;0
Lundi;05/02/2024;20240205;Open;ADSL;2003;0
Mardi;06/02/2024;20240206;Open;ADSL;1770;0
Mercredi;07/02/2024;20240207;Open;ADSL;1768;0
Jeudi;08/02/2024;20240208;Open;ADSL;1703;0
Vendredi;09/02/2024;20240209;Open;ADSL;1637;0
Samedi;10/02/2024;20240210;Open;ADSL;884;0
Dimanche;11/02/2024;20240211;Open;ADSL;0;0
Lundi;12/02/2024;20240212;Open;ADSL;1935;0
Mardi;13/02/2024;20240213;Open;ADSL;1680;0
Mercredi;14/02/2024;20240214;Open;ADSL;1739;0
Jeudi;15/02/2024;20240215;Open;ADSL;1615;0
Vendredi;16/02/2024;20240216;Open;ADSL;1606;0
Samedi;17/02/2024;20240217;Open;ADSL;860;0
Dimanche;18/02/2024;20240218;Open;ADSL;0;0
Lundi;19/02/2024;20240219;Open;ADSL;1906;0
Mardi;20/02/2024;20240220;Open;ADSL;1645;0
Mercredi;21/02/2024;20240221;Open;ADSL;1717;0
Jeudi;22/02/2024;20240222;Open;ADSL;1576;0
Vendredi;23/02/2024;20240223;Open;ADSL;1589;0
Samedi;24/02/2024;20240224;Open;ADSL;865;0
Dimanche;25/02/2024;20240225;Open;ADSL;0;0
Lundi;26/02/2024;20240226;Open;ADSL;2253;0
Mardi;27/02/2024;20240227;Open;ADSL;1957;0
Mercredi;28/02/2024;20240228;Open;ADSL;2025;0
Jeudi;29/02/2024;20240229;Open;ADSL;1844;0
Jeudi;01/02/2024;20240201;Open;Fibre;1246;0
Vendredi;02/02/2024;20240202;Open;Fibre;1197;0
Samedi;03/02/2024;20240203;Open;Fibre;691;0
Dimanche;04/02/2024;20240204;Open;Fibre;0;0
Lundi;05/02/2024;20240205;Open;Fibre;1430;0
Mardi;06/02/2024;20240206;Open;Fibre;1169;0
Mercredi;07/02/2024;20240207;Open;Fibre;1220;0
Jeudi;08/02/2024;20240208;Open;Fibre;1148;0
Vendredi;09/02/2024;20240209;Open;Fibre;1122;0
Samedi;10/02/2024;20240210;Open;Fibre;662;0
Dimanche;11/02/2024;20240211;Open;Fibre;0;0
Lundi;12/02/2024;20240212;Open;Fibre;1403;0
Mardi;13/02/2024;20240213;Open;Fibre;1191;0
Mercredi;14/02/2024;20240214;Open;Fibre;1196;0
Jeudi;15/02/2024;20240215;Open;Fibre;1148;0
Vendredi;16/02/2024;20240216;Open;Fibre;1155;0
Samedi;17/02/2024;20240217;Open;Fibre;663;0
Dimanche;18/02/2024;20240218;Open;Fibre;0;0
Lundi;19/02/2024;20240219;Open;Fibre;1415;0
Mardi;20/02/2024;20240220;Open;Fibre;1182;0
Mercredi;21/02/2024;20240221;Open;Fibre;1200;0
Jeudi;22/02/2024;20240222;Open;Fibre;1177;0
Vendredi;23/02/2024;20240223;Open;Fibre;1148;0
Samedi;24/02/2024;20240224;Open;Fibre;664;0
Dimanche;25/02/2024;20240225;Open;Fibre;0;0
Lundi;26/02/2024;20240226;Open;Fibre;1621;0
Mardi;27/02/2024;20240227;Open;Fibre;1490;0
Mercredi;28/02/2024;20240228;Open;Fibre;1499;0
Jeudi;29/02/2024;20240229;Open;Fibre;1378;0
Jeudi;01/02/2024;20240201;Open;Mobile;1465;4587,100991
Vendredi;02/02/2024;20240202;Open;Mobile;1442;4521,72663
Samedi;03/02/2024;20240203;Open;Mobile;840;2862,852222
Dimanche;04/02/2024;20240204;Open;Mobile;0;0
Lundi;05/02/2024;20240205;Open;Mobile;1595;5085,677685
Mardi;06/02/2024;20240206;Open;Mobile;1472;4973,011214
Mercredi;07/02/2024;20240207;Open;Mobile;1482;5134,373347
Jeudi;08/02/2024;20240208;Open;Mobile;1383;4517,419122
Vendredi;09/02/2024;20240209;Open;Mobile;1385;4430,411211
Samedi;10/02/2024;20240210;Open;Mobile;786;2790,997031
Dimanche;11/02/2024;20240211;Open;Mobile;0;0
Lundi;12/02/2024;20240212;Open;Mobile;1622;4947,519968
Mardi;13/02/2024;20240213;Open;Mobile;1471;4834,085025
Mercredi;14/02/2024;20240214;Open;Mobile;1531;5000,225186
Jeudi;15/02/2024;20240215;Open;Mobile;1424;4407,889062
Vendredi;16/02/2024;20240216;Open;Mobile;1373;4330,378481
Samedi;17/02/2024;20240217;Open;Mobile;812;2732,57015
Dimanche;18/02/2024;20240218;Open;Mobile;0;0
Lundi;19/02/2024;20240219;Open;Mobile;1643;4849,098429
Mardi;20/02/2024;20240220;Open;Mobile;1489;4737,920059
Mercredi;21/02/2024;20240221;Open;Mobile;1552;4900,755177
Jeudi;22/02/2024;20240222;Open;Mobile;1421;4779,004339
Vendredi;23/02/2024;20240223;Open;Mobile;1399;4696,702901
Samedi;24/02/2024;20240224;Open;Mobile;841;2963,73309
Dimanche;25/02/2024;20240225;Open;Mobile;0;0
Lundi;26/02/2024;20240226;Open;Mobile;2013;5259,309998
Mardi;27/02/2024;20240227;Open;Mobile;1803;5148,366761
Mercredi;28/02/2024;20240228;Open;Mobile;1846;5335,160825
Jeudi;29/02/2024;20240229;Open;Mobile;1759;4941,703021
Vendredi;01/03/2024;20240301;Open;ADSL;2001;0
Samedi;02/03/2024;20240302;Open;ADSL;1040;0
Dimanche;03/03/2024;20240303;Open;ADSL;0;0
Lundi;04/03/2024;20240304;Open;ADSL;2599;0
Mardi;05/03/2024;20240305;Open;ADSL;2263;0
Mercredi;06/03/2024;20240306;Open;ADSL;2312;0
Jeudi;07/03/2024;20240307;Open;ADSL;2121;0
Vendredi;08/03/2024;20240308;Open;ADSL;2114;0
Samedi;09/03/2024;20240309;Open;ADSL;1169;0
Dimanche;10/03/2024;20240310;Open;ADSL;0;0
Lundi;11/03/2024;20240311;Open;ADSL;2380;0
Mardi;12/03/2024;20240312;Open;ADSL;2076;0
Mercredi;13/03/2024;20240313;Open;ADSL;2114;0
Jeudi;14/03/2024;20240314;Open;ADSL;1930;0
Vendredi;15/03/2024;20240315;Open;ADSL;1932;0
Samedi;16/03/2024;20240316;Open;ADSL;1089;0
Dimanche;17/03/2024;20240317;Open;ADSL;0;0
Lundi;18/03/2024;20240318;Open;ADSL;2341;0
Mardi;19/03/2024;20240319;Open;ADSL;2004;0
Mercredi;20/03/2024;20240320;Open;ADSL;2071;0
Jeudi;21/03/2024;20240321;Open;ADSL;1932;0
Vendredi;22/03/2024;20240322;Open;ADSL;1925;0
Samedi;23/03/2024;20240323;Open;ADSL;1059;0
Dimanche;24/03/2024;20240324;Open;ADSL;0;0
Lundi;25/03/2024;20240325;Open;ADSL;2095;0
Mardi;26/03/2024;20240326;Open;ADSL;1753;0
Mercredi;27/03/2024;20240327;Open;ADSL;1860;0
Jeudi;28/03/2024;20240328;Open;ADSL;1725;0
Vendredi;29/03/2024;20240329;Open;ADSL;1809;0
Samedi;30/03/2024;20240330;Open;ADSL;897;0
Dimanche;31/03/2024;20240331;Open;ADSL;0;0
Vendredi;01/03/2024;20240301;Open;Fibre;1227;0
Samedi;02/03/2024;20240302;Open;Fibre;721;0
Dimanche;03/03/2024;20240303;Open;Fibre;0;0
Lundi;04/03/2024;20240304;Open;Fibre;1606;0
Mardi;05/03/2024;20240305;Open;Fibre;1473;0
Mercredi;06/03/2024;20240306;Open;Fibre;1454;0
Jeudi;07/03/2024;20240307;Open;Fibre;1376;0
Vendredi;08/03/2024;20240308;Open;Fibre;1379;0
Samedi;09/03/2024;20240309;Open;Fibre;791;0
Dimanche;10/03/2024;20240310;Open;Fibre;0;0
Lundi;11/03/2024;20240311;Open;Fibre;1429;0
Mardi;12/03/2024;20240312;Open;Fibre;1340;0
Mercredi;13/03/2024;20240313;Open;Fibre;1311;0
Jeudi;14/03/2024;20240314;Open;Fibre;1260;0
Vendredi;15/03/2024;20240315;Open;Fibre;1239;0
Samedi;16/03/2024;20240316;Open;Fibre;715;0
Dimanche;17/03/2024;20240317;Open;Fibre;0;0
Lundi;18/03/2024;20240318;Open;Fibre;1406;0
Mardi;19/03/2024;20240319;Open;Fibre;1224;0
Mercredi;20/03/2024;20240320;Open;Fibre;1253;0
Jeudi;21/03/2024;20240321;Open;Fibre;1175;0
Vendredi;22/03/2024;20240322;Open;Fibre;1176;0
Samedi;23/03/2024;20240323;Open;Fibre;678;0
Dimanche;24/03/2024;20240324;Open;Fibre;0;0
Lundi;25/03/2024;20240325;Open;Fibre;1169;0
Mardi;26/03/2024;20240326;Open;Fibre;1026;0
Mercredi;27/03/2024;20240327;Open;Fibre;1088;0
Jeudi;28/03/2024;20240328;Open;Fibre;999;0
Vendredi;29/03/2024;20240329;Open;Fibre;1005;0
Samedi;30/03/2024;20240330;Open;Fibre;574;0
Dimanche;31/03/2024;20240331;Open;Fibre;0;0
Vendredi;01/03/2024;20240301;Open;Mobile;1653;4909,351807
Samedi;02/03/2024;20240302;Open;Mobile;987;3103,102335
Dimanche;03/03/2024;20240303;Open;Mobile;0;0
Lundi;04/03/2024;20240304;Open;Mobile;2024;5514,872933
Mardi;05/03/2024;20240305;Open;Mobile;1801;5398,538689
Mercredi;06/03/2024;20240306;Open;Mobile;1814;5594,409539
Jeudi;07/03/2024;20240307;Open;Mobile;1732;4941,158457
Vendredi;08/03/2024;20240308;Open;Mobile;1710;4862,520156
Samedi;09/03/2024;20240309;Open;Mobile;991;3073,500543
Dimanche;10/03/2024;20240310;Open;Mobile;0;0
Lundi;11/03/2024;20240311;Open;Mobile;1909;5318,056821
Mardi;12/03/2024;20240312;Open;Mobile;1703;5186,378345
Mercredi;13/03/2024;20240313;Open;Mobile;1720;5354,663723
Jeudi;14/03/2024;20240314;Open;Mobile;1631;4711,239066
Vendredi;15/03/2024;20240315;Open;Mobile;1626;4620,498079
Samedi;16/03/2024;20240316;Open;Mobile;915;2910,744806
Dimanche;17/03/2024;20240317;Open;Mobile;0;0
Lundi;18/03/2024;20240318;Open;Mobile;1899;4711,267573
Mardi;19/03/2024;20240319;Open;Mobile;1712;4603,24934
Mercredi;20/03/2024;20240320;Open;Mobile;1690;4761,456029
Jeudi;21/03/2024;20240321;Open;Mobile;1631;4219,371309
Vendredi;22/03/2024;20240322;Open;Mobile;1583;4146,974062
Samedi;23/03/2024;20240323;Open;Mobile;936;2616,837669
Dimanche;24/03/2024;20240324;Open;Mobile;0;0
Lundi;25/03/2024;20240325;Open;Mobile;1860;4643,724676
Mardi;26/03/2024;20240326;Open;Mobile;1635;4537,255041
Mercredi;27/03/2024;20240327;Open;Mobile;1634;4693,193606
Jeudi;28/03/2024;20240328;Open;Mobile;1603;4153,376058
Vendredi;29/03/2024;20240329;Open;Mobile;1582;4080,340964
Samedi;30/03/2024;20240330;Open;Mobile;942;2574,790626
Dimanche;31/03/2024;20240331;Open;Mobile;0;0
Lundi;01/04/2024;20240401;Open;ADSL;0;0
Mardi;02/04/2024;20240402;Open;ADSL;4378;0
Mercredi;03/04/2024;20240403;Open;ADSL;3719;0
Jeudi;04/04/2024;20240404;Open;ADSL;3470;0
Vendredi;05/04/2024;20240405;Open;ADSL;3391;0
Samedi;06/04/2024;20240406;Open;ADSL;2058;0
Dimanche;07/04/2024;20240407;Open;ADSL;0;0
Lundi;08/04/2024;20240408;Open;ADSL;3504;0
Mardi;09/04/2024;20240409;Open;ADSL;3337;0
Mercredi;10/04/2024;20240410;Open;ADSL;3294;0
Jeudi;11/04/2024;20240411;Open;ADSL;3191;0
Vendredi;12/04/2024;20240412;Open;ADSL;3167;0
Samedi;13/04/2024;20240413;Open;ADSL;1794;0
Dimanche;14/04/2024;20240414;Open;ADSL;0;0
Lundi;15/04/2024;20240415;Open;ADSL;3532;0
Mardi;16/04/2024;20240416;Open;ADSL;3239;0
Mercredi;17/04/2024;20240417;Open;ADSL;3304;0
Jeudi;18/04/2024;20240418;Open;ADSL;3131;0
Vendredi;19/04/2024;20240419;Open;ADSL;3154;0
Samedi;20/04/2024;20240420;Open;ADSL;1780;0
Dimanche;21/04/2024;20240421;Open;ADSL;0;0
Lundi;22/04/2024;20240422;Open;ADSL;3796;0
Mardi;23/04/2024;20240423;Open;ADSL;3417;0
Mercredi;24/04/2024;20240424;Open;ADSL;3496;0
Jeudi;25/04/2024;20240425;Open;ADSL;3322;0
Vendredi;26/04/2024;20240426;Open;ADSL;3317;0
Samedi;27/04/2024;20240427;Open;ADSL;1888;0
Dimanche;28/04/2024;20240428;Open;ADSL;0;0
Lundi;29/04/2024;20240429;Open;ADSL;4101;0
Mardi;30/04/2024;20240430;Open;ADSL;3225;0
Lundi;01/04/2024;20240401;Open;Mobile;0;0
Mardi;02/04/2024;20240402;Open;Mobile;2479;6730,083649
Mercredi;03/04/2024;20240403;Open;Mobile;2127;6971,465388
Jeudi;04/04/2024;20240404;Open;Mobile;1933;6154,817891
Vendredi;05/04/2024;20240405;Open;Mobile;1993;6054,601683
Samedi;06/04/2024;20240406;Open;Mobile;1162;3825,582784
Dimanche;07/04/2024;20240407;Open;Mobile;0;0
Lundi;08/04/2024;20240408;Open;Mobile;2091;5539,052453
Mardi;09/04/2024;20240409;Open;Mobile;1990;5422,28591
Mercredi;10/04/2024;20240410;Open;Mobile;1965;5619,097683
Jeudi;11/04/2024;20240411;Open;Mobile;1903;4963,036674
Vendredi;12/04/2024;20240412;Open;Mobile;1890;4884,113753
Samedi;13/04/2024;20240413;Open;Mobile;1070;3087,189085
Dimanche;14/04/2024;20240414;Open;Mobile;0;0
Lundi;15/04/2024;20240415;Open;Mobile;2152;5455,5847
Mardi;16/04/2024;20240416;Open;Mobile;1974;5320,500946
Mercredi;17/04/2024;20240417;Open;Mobile;2014;5493,138277
Jeudi;18/04/2024;20240418;Open;Mobile;1907;4833,074304
Vendredi;19/04/2024;20240419;Open;Mobile;1922;4739,986705
Samedi;20/04/2024;20240420;Open;Mobile;1085;2986,01827
Dimanche;21/04/2024;20240421;Open;Mobile;0;0
Lundi;22/04/2024;20240422;Open;Mobile;2245;5307,176397
Mardi;23/04/2024;20240423;Open;Mobile;2021;5185,495382
Mercredi;24/04/2024;20240424;Open;Mobile;2068;5363,712983
Jeudi;25/04/2024;20240425;Open;Mobile;1965;4728,317408
Vendredi;26/04/2024;20240426;Open;Mobile;1961;4645,172251
Samedi;27/04/2024;20240427;Open;Mobile;1116;2931,212384
Dimanche;28/04/2024;20240428;Open;Mobile;0;0
Lundi;29/04/2024;20240429;Open;Mobile;2404;6424,10791
Mardi;30/04/2024;20240430;Open;Mobile;2083;6271,283265
